Body weight (W; g),Brain weight (B; mg),Encephalization coefficients,Encephalization coefficients 2,SL (cm),TL (cm),Ref,name
1500.0,1018.0,0.679,,,,,Ablennes hians
75.36666666666666,234.0,3.2133333333333334,,12.85,16.55,,Abudefduf abdominalis
5.0,52.0,10.4,,4.5,6.2,,Abudefduf hoefleri
84.05,358.0,4.29,,12.0,15.8,65872.0,Abudefduf saxatilis
200.0,304.0,1.52,,,,,Abudefduf septemfasciatus
34.775,150.5,6.322500000000001,,9.5,12.75,104901.0,Abudefduf sexfasciatus
200.0,400.0,2.0,,16.5,20.1,,Abudefduf sordidus
13.8,99.0,7.17,,,,,Abudefduf vaigiensis
165.0,377.0,2.29,,15.0,21.0,,Abudefduf whitleyi
12200.0,1863.0,0.153,,118.0,130.0,,Acanthocybium solandri
88.475,62.8,1.3140000000000003,,,22.65,11344.0,Acanthogobius flavimanus
2.3,6.2,2.7,,,,101308.0,Acanthonus armatus
68.33333333333333,219.33333333333334,12.313333333333333,,8.4,5.15,,Acanthopagrus bifasciatus
320.0,466.0,1.46,,,,104901.0,Acanthostracion polygonius
235.0,564.5,2.715,,17.55,21.0,,Acanthurus achilles
106.3,431.6666666666667,4.390000000000001,,,,118717.0,Acanthurus bahianus
35.0,218.0,6.23,,,,104901.0,Acanthurus chirurgus
118.0,490.0,4.15,,,,104901.0,Acanthurus coeruleus
451.3333333333333,672.6666666666666,2.063333333333333,,17.95,23.5,,Acanthurus dussumieri
288.0,662.0,2.3,,17.5,21.6,,Acanthurus guttatus
227.0,519.0,2.29,,16.2,20.0,,Acanthurus leucopareius
310.0,596.0,1.92,,18.2,,,Acanthurus leucosternon
278.5,564.0,2.035,,19.75,26.35,,Acanthurus lineatus
255.9333333333333,483.8333333333333,3.3516666666666666,,16.933333333333334,25.5,,Acanthurus mata
264.0,547.5,3.0300000000000002,,21.0,16.0,,Acanthurus nigricans
265.0,400.0,1.51,,18.5,26.0,,Acanthurus nigricauda
48.925,217.5,6.9,,9.65,13.966666666666667,,Acanthurus nigrofuscus
98.7,373.0,3.78,,,,,Acanthurus nigroris
296.3333333333333,625.3333333333334,2.1466666666666665,,21.033333333333335,28.233333333333334,,Acanthurus olivaceus
154.0,404.0,2.62,,14.5,20.5,,Acanthurus pyroferus
149.0,368.0,2.5149999999999997,,15.0,20.1,,Acanthurus thompsoni
106.3,431.6666666666667,4.4,,,,52862.333333333336,Acanthurus tractus
72.74,272.0,4.1579999999999995,,,,104901.0,Acanthurus triostegus
677.25,537.3333333333334,3.4453333333333327,,19.616666666666667,26.9,,Acanthurus xanthopterus
18.9,44.175,3.9274999999999998,,,13.0,11344.0,Acentrogobius caninus
2.72,13.299999999999999,6.376666666666666,,,8.0,11344.0,Acentrogobius moloanus
34.8,66.05,5.565,,,18.0,11344.0,Acentrogobius nebulosus
22.160000000000004,35.8,2.688,,,16.5,11344.0,Acentrogobius viridipunctatus
3520.0,650.0,0.185,,,,36657.0,Acipenser transmontanus
350.0,2230.0,6.37,,,,118717.0,Acroteriobatus annulatus
7.0,117.0,16.7,,,,36657.0,Adontosternarchus balaenops
1.9,20.0,10.5,,,,,Aeoliscus strigatus
12000.0,22400.0,1.87,,,,118717.0,Aetobatus narinari
16.7,28.5,1.71,,,11.0,11344.0,Afurcagobius tamarensis
8.0,42.5,5.45,,9.4,12.0,,Agonus cataphractus
120.0,504.0,4.2,,19.0,22.0,,Alepes djedaba
1515.6,650.24,1.4507999999999999,,49.2,54.6,,Alepocephalus bairdii
906.25,461.0,0.52275,,41.0,46.166666666666664,,Alepocephalus rostratus
62730.0,31050.0,0.495,,,,101297.0,Alopias superciliosus
5830.0,11130.0,1.91,,,,117392.0,Alopias vulpinus
725.0,430.0,0.6835,,23.0,50.0,,Alosa alosa
84.0,234.0,2.79,,,,,Alosa caspia
600.0,452.0,0.753,,36.0,42.0,,Alosa fallax
335.0,420.6666666666667,1.25,,27.5,,,Alosa immaculata
9.200000000000003,67.06666666666666,8.503333333333332,,8.450000000000001,,117594.55555555556,Altolamprologus compressiceps
158.0,410.0,2.6,,,,104901.0,Aluterus scriptus
35.3,89.3,2.53,,8.95,11.7,,Amatitlania nigrofasciata
2.37,24.049999999999997,11.09,,,7.0,11344.0,Amblychaeturichthys hexanema
0.6859999999999999,10.879999999999999,25.380000000000003,,,6.0,11344.0,Amblychaeturichthys sciistius
7.9,47.0,7.4399999999999995,,4.8,,,Amblycirrhitus bimacula
8.85,32.9,4.12,,,8.6,11344.0,Amblyeleotris guttata
6.35,27.25,5.075,,,8.5,11344.0,Amblyeleotris japonica
2.925,10.6,4.095,,,7.5,11344.0,Amblyeleotris steinitzi
4.84,23.8,5.573333333333333,,,7.566666666666666,11344.0,Amblyeleotris sungami
25.0,115.0,4.6,,11.0,12.7,,Amblygaster sirm
38.63333333333333,153.66666666666666,4.526666666666666,,,,104901.0,Amblyglyphidodon curacao
42.666666666666664,130.0,3.773333333333333,,9.95,12.9,,Amblyglyphidodon leucogaster
18.84,32.38,3.781999999999999,,,18.0,11344.0,Amblygobius albimaculatus
7.7125,37.8875,7.3325000000000005,,,9.3,11344.0,Amblygobius phalaena
17.066666666666666,43.666666666666664,3.1466666666666665,,,12.6,11344.0,Amblygobius semicinctus
2490.0,2640.0,1.06,,,,118717.0,Amblyraja hyperborea
943.5,2252.0,2.305,,,,118717.0,Amblyraja radiata
727.0,375.5,0.5165,,,,,Amia calva
85.0,307.0,3.61,,15.0,18.5,,Amioides polyacanthus
36.333333333333336,50.333333333333336,2.6966666666666668,,,,,Ammodytes marinus
17.5,32.23333333333333,8.129999999999999,,,14.0,11344.0,Amoya gracilis
32.2,102.0,3.17,,,,,Amphiprion allardi
21.233333333333334,60.333333333333336,8.026666666666666,,9.1,11.85,,Amphiprion bicinctus
22.0,80.5,3.66,,8.5,11.5,,Amphiprion chrysopterus
18.685000000000002,77.5,4.640000000000001,,6.0,7.6,104901.0,Amphiprion melanopus
80.0,600.0,7.5,,,,118717.0,Anacanthobatis marmorata
135.0,353.0,2.62,,,,,Anampses caeruleopunctatus
2.5,26.7,10.7,,5.5,6.2,,Anampses melanurus
20.6,109.0,5.29,,9.0,11.2,,Anampses twistii
5920.0,398.0,0.0728,,,,,Anarhichas denticulatus
870.0952380952381,348.8095238095238,1.1129047619047618,,,,,Anarhichas lupus
7554.545454545455,669.7272727272727,0.12254545454545455,,,,,Anarhichas minor
650.0,170.0,0.262,,,,118717.0,Anguilla anguilla
1067.0,1274.0,1.19,,,,118717.0,Anisotremus surinamensis
43.0,155.0,3.61,,,,,Anodontostoma chacunda
114.5,79.75,0.6970000000000001,,16.1,18.6,,Anoplogaster cornuta
1.3,13.8,10.6,,5.0,5.7,,Antennablennius australis
3.1,12.0,3.87,,3.6,4.3,,Antennatus coccineus
375.0,475.5,2.515,,,,,Anyperodon leucogrammicus
795.7142857142857,680.5714285714286,0.8772857142857143,,83.08333333333333,87.0,,Aphanopus carbo
128.0,719.0,5.64,,19.0,23.0,,Aphareus furca
5200.0,2875.0,0.553,,70.9,87.8,,Aphareus rutilans
0.24933333333333332,13.333333333333334,53.599999999999994,,,,,Aplocheilus panchax
1.3,18.0,14.8,,3.2,4.1,,Apogon coccineus
9.8,50.0,5.1,,,,104901.0,Apogon maculatus
14.3,33.0,2.31,,,,,Apogon semiornatus
11.1,74.0,6.67,,7.2,8.5,,Apogonichthyoides timorensis
139.0,298.0,2.15,,14.7,16.5,11740.0,Apolemichthys arcuatus
229.0,314.0,1.3900000000000001,,17.1,18.5,11740.0,Apolemichthys xanthotis
12.6,39.6,3.14,,7.0,8.0,,Aporops bilinearis
1665.0,2018.0,1.21,,46.0,56.8,,Aprion virescens
1450.0,2787.85,1.92,,,,118717.0,Apristurus sinensis
34.8,171.0,4.91,,,,36657.0,Apteronotus albifrons
17.009999999999998,111.9,7.866000000000001,,,,36657.0,Apteronotus leptorhynchus
2100.0,3026.0,1.44,,,,118717.0,Aptychotrema rostrata
130.525,445.0,20.125,,,,13704.0,Arapaima gigas
79.0,121.5,1.6099999999999999,,,,,Arctozenus risso
10.9,19.9,1.82,,,10.0,11344.0,Arenigobius frenatus
279.5,493.0,2.018333333333333,,29.0,33.5,,Argentina silus
67.33333333333333,203.66666666666666,3.2433333333333336,,20.25,23.5,,Argentina sphyraena
16.5,38.5,2.33,,,,,Argyropelecus aculeatus
5.5,13.5,2.46,,,7.0,,Argyropelecus lychnus
11.05,31.2,3.0225,,7.5,9.0,,Argyropelecus olfersii
310.0,596.5,4.0649999999999995,,25.0,31.3,,Argyrops filamentosus
1800.0,1267.0,0.704,,39.0,48.5,,Argyrops spinifer
33.0,54.6,1.66,,25.0,,,Ariosoma balearicum
10.5,11.5,1.1,,,,,Aristostomias scintillans
194.33333333333334,208.66666666666666,1.2795,,15.533333333333333,19.116666666666667,,Arothron hispidus
66.5,135.5,2.16,,11.0,14.15,,Arothron immaculatus
823.0,388.0,0.472,,,,,Arothron meleagris
233.0,377.0,1.625,,16.8,21.2,104901.0,Arothron nigropunctatus
5775.0,969.0,0.16699999999999998,,51.75,64.0,,Arothron stellatus
11.3,44.7,3.96,,,,,Artediellus uncinatus
20.666666666666668,61.666666666666664,3.25,,,,,Aspidophoroides monopterygius
1.7,22.8,13.4,,,,,Assessor macneilli
1.1400000000000001,6.928571428571429,9.174285714285714,,,4.033333333333333,11344.0,Asterropteryx semipunctata
395.0,320.0,0.809,,,,,Astronotus ocellatus
320.0,940.0,2.94,,,,117392.0,Asymbolus analis
260.0,800.0,3.08,,,,117392.0,Asymbolus rubiginosus
22.664516129032254,75.06451612903226,3.3848387096774193,,13.04137931034483,14.64074074074074,,Atherina presbyter
21.55,102.0,4.875,,10.5,12.55,,Atherinomorus lacunosus
250.0,661.0,2.64,,25.0,30.0,,Atule mate
14.876923076923077,101.81923076923077,7.028846153846154,,8.950000000000001,,117601.76923076923,Aulonocranus dewindti
216.0,387.2,2.71,,43.4,46.3,104901.0,Aulostomus chinensis
136.55,51.95,0.4535,,,22.25,11344.0,Awaous lateristriga
19.3,27.4,2.2665999999999995,,,15.5,11344.0,Awaous ocellaris
36.0,138.25,3.9025,,,,117407.0,Baileychromis centropomoides
470.0,527.0,1.12,,,,,Balistapus undulatus
584.5,771.0,1.8635,,31.6,35.8,117297.0,Balistes capriscus
872.5,917.0,1.0550000000000002,,,,,Balistoides conspicillum
69.0,179.70909090909092,3.6463636363636365,,,,117407.0,Bathybates fasciatus
58.333333333333336,210.83333333333334,3.608333333333333,,,,117407.0,Bathybates ferox
21.4,111.0,5.2,,,,118717.0,Bathybates leo
3.9555555555555557,16.01111111111111,8.32,,,12.0,11344.0,Bathygobius cocosensis
2.6890909090909094,14.381818181818181,5.882727272727272,,,6.333333333333333,11344.0,Bathygobius cyclopterus
8.3,30.880000000000003,3.818,,,8.5,11344.0,Bathygobius fuscus
24.4,35.0,1.43,,,12.0,11344.0,Bathygobius krefftii
6.863333333333333,27.0,3.9566666666666666,,,6.6,11344.0,Bathygobius niger
13.600000000000001,28.35,2.2725,,,12.0,11344.0,Bathygobius soporator
17200.0,4680.0,0.272,,,,118717.0,Bathyraja spinicauda
39000.0,30340.0,0.778,,,,118717.0,Bathytoshia brevicaudata
5660.0,18270.0,3.23,,,,118717.0,Bathytoshia centroura
21000.0,29470.0,1.4,,,,118717.0,Bathytoshia lata
287.2,414.6,1.7079999999999997,,54.575,58.075,,Belone belone
35.577777777777776,154.66666666666666,4.630555555555556,,16.166666666666668,,117547.66666666667,Benthochromis tricoti
691.6666666666666,805.6666666666666,1.3813333333333333,,21.5,26.0,,Beryx decadactylus
257.5,727.5,2.875,,19.0,24.0,,Beryx splendens
1.1,15.5,14.1,,4.2,5.2,,Blenniella chrysospilos
9.0,50.8,5.64,,,,,Blenniella paula
12.0,42.1,3.51,,,8.0,,Blenniella periophthalmus
95.0,220.0,2.32,,,,,Bodianus anthioides
178.5,472.0,2.835,,17.35,20.0,,Bodianus bilunulatus
38.7,234.0,6.05,,,,,Bodianus diana
360.0,636.0,1.77,,,,,Bodianus loxozonus
460.0,821.0,1.79,,,,,Bodianus perditio
36.699999999999996,36.56666666666667,1.0243333333333333,,,17.366666666666664,11344.0,Boleophthalmus pectinirostris
122.0,432.5,3.7249999999999996,,20.200000000000003,23.4,,Boops boops
47.5,209.26,4.4175,,,,,Boreogadus saida
31.179999999999996,32.3,1.9895999999999998,,,13.95,11344.0,Bostrychus sinensis
13.7,385.08,28.1,,,,117394.0,Boulengeromyrus knoepffleri
690.0,1390.0,2.01,,,,117392.0,Brachaelurus waddi
1.18,7.733333333333333,7.78,,,4.2,11344.0,Brachygobius sua
11.5,90.0,7.85,,,,36657.0,Brachyhypopomus brevirostris
1850.0,1261.0,0.682,,,,,Brama brama
3.14,76.39999999999999,25.76666666666667,,,,117394.0,Brevimyrus niger
13.244166666666665,117.875,9.815833333333334,,,,117394.0,Brienomyrus brachyistius
583.3333333333334,587.6666666666666,1.119,,,,,Brosme brosme
1.2,20.0,16.7,,,,104901.0,Brotula barbata
344.0,418.0,1.21,,,,,Brotula multibarbata
0.7,5.7,8.14,,,,,Bryaninops natans
8.28,18.02,3.3620000000000005,,,13.6,11344.0,Butis amboinensis
13.559999999999999,32.92,4.934,,,11.55,11344.0,Butis butis
200.0,838.0,4.19,,,,118717.0,Bythaelurus dawsoni
290.0,698.0,2.41,,,,,Caesio caerulaurea
335.0,611.0,1.82,,22.0,29.0,,Caesio cuning
24.737499999999997,46.7625,3.0662499999999997,,,18.0,11344.0,Caffrogobius caffer
8.615384615384615,19.692307692307693,4.633076923076922,,,10.85,11344.0,Caffrogobius gilchristi
18.05,47.075,3.0625,,,12.5,11344.0,Caffrogobius saldanha
23.0,68.0,2.96,,,,,Callionymus grossi
18.258536585365853,48.47073170731707,6.169536585365855,,8.713548387096772,11.325806451612902,,Callionymus lyra
13.5,53.666666666666664,4.46,,11.459999999999999,15.25,,Callionymus maculatus
19.5,67.0,3.44,,11.7,14.3,,Callionymus sublaevis
2.285555555555556,41.27777777777778,18.144444444444446,,5.95,,117969.66666666667,Callochromis melanostigma
5.92,63.03333333333333,10.811111111111112,,8.02,,117875.88888888889,Callochromis pleurospilus
9.0,17.05,1.905,,,6.75,11344.0,Callogobius sclateri
2850.0,3120.0,1.1,,,,117392.0,Callorhinchus milii
157.0,307.0,1.96,,17.7,20.5,,Calotomus spinidens
10.059999999999999,282.5,40.45,,,,117394.0,Campylomormyrus numenius
31.066666666666663,742.6666666666666,25.833333333333332,,,,117394.0,Campylomormyrus phantasticus
5.755,209.0,37.099999999999994,,,,117394.0,Campylomormyrus tamandua
380.6666666666667,466.6666666666667,1.8213333333333332,,,,,Cantherhines dumerilii
100.0,357.0,3.57,,14.9,17.5,,Cantherhines pardalis
52.0,242.0,4.65,,,,104901.0,Cantherhines pullus
41.0,199.0,4.85,,,,,Cantherhines verecundus
52.0,112.0,2.15,,,,,Canthigaster coronata
15.6,106.0,6.8,,,,,Canthigaster epilampra
17.5,82.0,4.69,,7.2,8.7,,Canthigaster jactator
13.75,48.0,4.59,,7.9,9.7,,Canthigaster margaritata
2.2,24.0,10.9,,,,,Canthigaster pygmaea
3.4,46.0,13.5,,,,104901.0,Canthigaster rostrata
8.03,58.0,7.22,,,,104901.0,Canthigaster solandri
6.725,52.0,7.74,,5.5,7.0,104901.0,Canthigaster valentini
29.0,172.0,6.713333333333334,,9.866666666666667,12.940000000000001,,Capros aper
2.0,24.0,12.0,,3.2,3.9,,Caracanthus maculatus
3047.866666666667,4240.0,3.450333333333333,,,,87145.66666666667,Carangoides bartholomaei
140.0,580.0,4.14,,,,,Carangoides chrysophrys
215.0,1139.0,5.3,,,,,Carangoides equula
6200.0,2934.0,0.473,,,,,Carangoides fulvoguttatus
2305.0,2970.0,1.29,,,,117297.0,Caranx hippos
3200.0,1906.0,0.596,,47.5,,,Caranx ignobilis
9830.0,3713.0,0.484,,73.0,81.5,,Caranx lugubris
2185.23,2045.5,2.2972,,38.425,43.125,,Caranx melampygus
520.0,1155.0,3.205,,27.75,31.75,,Caranx sexfasciatus
13.3,9.3,0.699,,,21.0,,Carapus mourlani
7.52,83.0,11.35,,,,117297.0,Carassius auratus
0.0,0.0,0.0,,,,,Carassius carassius
3630.0,8350.0,2.3,,,,118717.0,Carcharhinus acronotus
5000.0,24792.0,4.96,,,,118717.0,Carcharhinus albimarginatus
25540.0,35280.0,1.38,,,,117392.0,Carcharhinus amblyrhynchos
2190.0,9140.0,4.17,,,,117392.0,Carcharhinus brachyurus
77053.33333333333,49376.666666666664,0.7586666666666666,,,,82089.33333333333,Carcharhinus falciformis
10870.0,18750.0,1.73,,,,27579.0,Carcharhinus isodon
78325.0,48335.0,0.615,,,,72485.5,Carcharhinus leucas
39500.0,22010.0,0.557,,,,118717.0,Carcharhinus limbatus
40000.0,35400.0,0.885,,,,27579.0,Carcharhinus longimanus
7650.0,17930.0,2.34,,,,117392.0,Carcharhinus melanopterus
12000.0,20760.0,1.73,,,,27579.0,Carcharhinus obscurus
16400.0,21860.0,1.33,,,,117392.0,Carcharhinus plumbeus
86652.5,48907.5,0.8862499999999999,,,,117320.75,Carcharias taurus
578635.0,31870.0,0.0605,,,,72485.5,Carcharodon carcharias
90.66666666666667,82.16666666666667,0.9943333333333332,,15.566666666666668,16.866666666666667,,Careproctus reinhardti
110.46666666666665,25.13333333333333,0.233,,,,118521.0,Caspiomyzon wagneri
663.05,819.0,1.24,,,,118717.0,Centroberyx gerrardi
29.75714285714286,164.28571428571428,5.541428571428571,,10.72857142857143,12.485714285714286,,Centrolabrus exoletus
7.0,75.0,10.7,,7.3,8.7,,Centrolabrus melanocercus
955.0,362.75,0.39775,,41.75,49.333333333333336,,Centrolophus niger
1360.0,3160.0,2.32,,,,27579.0,Centrophorus granulosus
2820.0,4310.0,1.53,,,,27579.0,Centrophorus harrissoni
3100.0,3400.0,1.1,,,,118717.0,Centrophorus moluccensis
10750.0,6683.5,0.741,,,,118717.0,Centrophorus squamosus
6.2,35.0,5.65,,5.8,6.7,,Centropogon australis
26.55,141.5,5.665,,8.5,9.4,11740.0,Centropyge bicolor
27.900000000000002,119.66666666666667,4.676666666666666,,8.75,10.6,11740.0,Centropyge bispinosa
10.3,70.425,7.6975,,6.2,6.933333333333334,11740.0,Centropyge fisheri
35.4,162.5,4.655,,9.5,,58320.5,Centropyge flavissima
23.7,139.5,5.88,,8.0,9.4,11740.0,Centropyge heraldi
43.1,169.0,3.935,,9.5,,11740.0,Centropyge multispinis
47.5,144.33333333333334,3.103333333333333,,9.866666666666665,11.6,11740.0,Centropyge potteri
25.75,154.5,6.95,,8.1,8.2,11740.0,Centropyge tibicen
12200.0,5478.0,0.449,,,,118717.0,Centroscymnus coelolepis
1050.0,2830.0,2.7,,,,118717.0,Centroscymnus crepidater
2758.0,3330.0,1.21,,,,118717.0,Centroscymnus owstonii
6513.0,4200.0,0.645,,,,118717.0,Centroscymnus plunketi
1040.0,666.5,0.718,,33.75,40.2,,Cephalopholis argus
82.33333333333333,176.33333333333334,2.9233333333333333,,13.666666666666666,16.766666666666666,,Cephalopholis boenak
140.725,413.25,3.1125,,,,46357.5,Cephalopholis cruentata
145.5,397.5,2.765,,17.0,20.5,65872.0,Cephalopholis fulva
83.0,190.0,2.29,,14.2,16.8,,Cephalopholis hemistiktos
33.5,155.0,4.63,,10.7,13.1,,Cephalopholis leopardus
324.0,367.5,1.7885,,20.55,16.9,,Cephalopholis miniata
97.5,261.75,2.885,,15.0,17.633333333333333,,Cephalopholis urodeta
1250.0,1380.0,1.1,,,,117392.0,Cephaloscyllium isabellum
180.0,570.0,3.17,,,,117392.0,Cephaloscyllium laticeps
25.0,86.5,3.49,,27.0,30.0,,Cepola macrophthalma
3.0,28.2,9.4,,,,,Ceratoscopelus warmingii
385000.0,20700.0,0.054,,,375.0,117389.0,Cetorhinus maximus
1120.0,860.0,0.768,,36.0,41.5,,Cetoscarus bicolor
6.56,26.96,6.2860000000000005,,,11.0,11344.0,Chaenogobius gulosus
140.2,413.0,3.018,,16.5,,11740.0,Chaetodon auriga
58.699999999999996,203.66666666666666,4.053333333333334,,12.0,,11740.0,Chaetodon austriacus
91.0,213.0,2.365,,12.0,,11740.0,Chaetodon baronessa
68.7,270.0,3.93,,,,104901.0,Chaetodon bennetti
18.0,165.5,9.48,,,,65872.0,Chaetodon capistratus
57.3,257.0,4.654999999999999,,12.0,,11740.0,Chaetodon citrinellus
73.25,261.5,5.2,,13.0,,11740.0,Chaetodon collare
53.25,197.5,7.125,,9.25,6.5,11740.0,Chaetodon decussatus
44.93333333333334,263.3333333333333,6.493333333333332,,12.5,,11740.0,Chaetodon dolosus
147.2,412.8,2.826,,16.0,,58320.5,Chaetodon ephippium
120.0,419.6666666666667,4.053333333333334,,17.0,,11740.0,Chaetodon fasciatus
86.89999999999999,390.3333333333333,5.483333333333333,,13.5,,11740.0,Chaetodon flavirostris
32.675,180.75,5.8025,,10.0,,11740.0,Chaetodon kleinii
151.25,496.75,3.3350000000000004,,17.0,,58320.5,Chaetodon lunula
43.75,249.5,6.790000000000001,,12.0,,11740.0,Chaetodon melannotus
33.800000000000004,193.0,6.140000000000001,,11.0,,11740.0,Chaetodon mertensii
55.68333333333333,215.66666666666666,4.003333333333333,,13.0,,11740.0,Chaetodon miliaris
32.03333333333333,181.0,5.703333333333333,,10.0,,11740.0,Chaetodon multicinctus
72.05,362.0,5.25,,,,65872.0,Chaetodon ocellatus
155.46666666666667,363.3333333333333,2.903333333333333,,17.0,,58320.5,Chaetodon ornatissimus
41.666666666666664,191.0,5.069999999999999,,11.0,,11740.0,Chaetodon paucifasciatus
33.5,175.0,5.905,,11.0,,11740.0,Chaetodon plebeius
54.1,260.0,4.824999999999999,,11.0,,11740.0,Chaetodon quadrimaculatus
114.425,359.75,3.325,,15.0,,58320.5,Chaetodon reticulatus
45.85,202.0,5.535,,12.0,,11740.0,Chaetodon speculum
98.0,347.0,3.54,,,,104901.0,Chaetodon striatus
81.8,342.5,4.195,,12.8,14.7,11740.0,Chaetodon trifascialis
46.5,220.0,4.835,,12.0,,11740.0,Chaetodon trifasciatus
59.9,276.3333333333333,5.033333333333333,,14.0,,58320.5,Chaetodon ulietensis
47.366666666666674,199.0,5.396666666666667,,13.0,,11740.0,Chaetodon unimaculatus
10.799999999999999,51.583333333333336,5.219999999999999,,,,117407.0,Chalinochromis brichardi
85.0,190.0,3.4375,,19.6,,,Champsocephalus gunnari
210.0,285.0,1.36,,,,,Channa orientalis
375.0,389.5,1.21375,,,,,Channichthys rhinoceratus
41.333333333333336,31.46666666666667,0.8506666666666667,,22.2,25.0,,Chauliodus sloani
127.15,251.5,5.7250000000000005,,,,,Cheilinus chlorourus
357.6666666666667,502.0,1.4266666666666665,,21.5,27.7,104901.0,Cheilinus fasciatus
270.0,415.5,1.725,,19.5,23.35,,Cheilinus trilobatus
127.0,372.0,2.94,,26.0,29.2,,Cheilio inermis
37.15,125.0,6.375,,14.0,16.8,,Cheilodipterus arabicus
14.3,83.0,8.41,,8.3,10.2,,Cheilodipterus lachneri
17.549999999999997,100.5,5.99,,8.0,10.2,104901.0,Cheilodipterus macrodon
3.9,41.0,10.5,,,,,Cheilodipterus novemstriatus
72.0,151.0,9.290000000000001,,6.35,7.65,,Cheilodipterus quinquelineatus
627.5,749.25,1.2375,,35.666666666666664,42.666666666666664,,Chelidonichthys cuculus
14.2,72.0,5.07,,7.8,9.6,,Chelidonichthys kumu
257.3333333333333,378.0,1.4733333333333334,,,,,Chelidonichthys lastoviza
528.8,447.4,1.2066,,33.175,35.55,,Chelidonichthys lucerna
156.53333333333333,209.66666666666666,2.2603333333333335,,19.400000000000002,22.766666666666666,,Chelon auratus
138.02727272727273,284.0,3.7818181818181817,,17.87,21.1,,Chelon labrosus
700.0,2100.0,3.0,,,,117392.0,Chiloscyllium punctatum
14400.0,7240.0,0.503,,,,118717.0,Chimaera lignaria
1176.0,3274.0,2.78,,,,118717.0,Chimaera monstrosa
400.0,664.0,1.66,,45.0,52.0,,Chirocentrus dorab
11.1,190.0,17.1,,13.92,,101288.0,Chitala chitala
4.461666666666667,107.22500000000001,27.3,,,,117394.0,Chitala ornata
3550.0,3390.0,0.955,,,,27579.0,Chlamydoselachus anguineus
284.0,421.0,1.48,,,,,Chlorurus frontalis
1479.5,778.0,0.7615,,36.25,43.8,,Chlorurus gibbus
700.0,560.0,0.8,,29.0,32.5,,Chlorurus perspicillatus
332.8333333333333,444.6666666666667,3.1733333333333333,,19.366666666666667,22.3,,Chlorurus sordidus
144.0,402.5,3.8899999999999997,,14.0,16.6,,Choerodon graphicus
9.7,79.35,8.215,,6.7,,,Chromis agilis
13.2,79.0,5.99,,6.2,8.0,,Chromis amboinensis
21.1,113.0,8.07,,7.199999999999999,9.55,,Chromis atripectoralis
6.8,47.0,6.91,,5.2,6.6,,Chromis atripes
15.0,104.0,6.93,,7.1,9.2,,Chromis axillaris
20.0,135.0,6.79,,7.8,10.2,,Chromis chromis
20.3,109.5,10.719999999999999,,6.35,8.8,,Chromis chrysura
6.64,88.0,13.3,,,,104901.0,Chromis cyanea
3.1999999999999997,34.25,14.950000000000001,,,,,Chromis dimidiata
35.0,215.0,6.14,,,,,Chromis flavomaculata
7.4,82.0,11.1,,5.4,7.6,,Chromis hanui
6.0,52.0,8.67,,5.0,6.5,,Chromis iomelas
11.8,102.0,8.64,,,,,Chromis lepidolepis
5.95,68.0,11.2,,4.6,6.5,,Chromis leucura
25.0,180.0,7.2,,,,104901.0,Chromis multilineata
2.2,32.5,15.85,,3.5999999999999996,,,Chromis nigrura
2.6,33.0,12.7,,,,,Chromis retrofasciata
13.85,113.0,8.17,,6.75,8.85,,Chromis ternatensis
104.0,315.5,3.035,,14.0,18.0,,Chromis verater
4.7,53.0,11.3,,5.0,6.3,,Chromis viridis
20.0,163.0,8.15,,8.0,,,Chromis weberi
9.85,64.0,6.915000000000001,,6.2,7.35,,Chrysiptera biocellata
5.2,51.0,9.8,,,,104901.0,Chrysiptera brownriggii
7.9,61.0,8.285,,5.85,7.05,,Chrysiptera glauca
2.1,28.15,13.649999999999999,,,,,Chrysiptera rollandi
2.4,28.0,11.7,,,,,Chrysiptera starcki
9.835999999999999,55.074000000000005,6.6936,,,,,Ciliata mustela
10.0,46.9,4.69,,,,,Ciliata septentrionalis
23.0,95.0,4.13,,,,,Cirrhilabrus temminckii
6.0,52.0,8.67,,6.0,7.3,,Cirrhitichthys falco
2.5,31.0,15.45,,4.9,,,Cirrhitichthys oxycephalus
17.049999999999997,92.0,5.425000000000001,,8.35,10.0,,Cirrhitops fasciatus
161.0,237.0,1.47,,16.5,19.6,,Cirrhitus pinnulatus
14.5,66.8,4.61,,7.0,9.0,,Cirripectes fuscoguttatus
7.0,51.5,7.36,,6.0,6.9,,Cirripectes polyzona
8.5,56.0,6.59,,,,,Cirripectes stigmaticus
154.83333333333334,319.0,2.235,,24.833333333333332,29.166666666666668,,Clupea harengus
41.0,85.0,2.07,,10.7,13.1,,Cocotropus monacanthus
120.64999999999999,359.00666666666666,4.171666666666668,,,,,Coelorinchus caelorhincus
14.2,127.0,8.98,,,,36657.0,Compsaraia compsus
1125.0,373.0,0.332,,,,,Conger cinereus
3010.568085106383,532.6382978723404,0.29665957446808505,,,97.0125,,Conger conger
543.0,253.0,0.466,,66.0,66.5,,Conger wilsoni
90.0,180.5,2.025,,14.25,17.75,,Coptodon rendalli
162.0,300.0,1.85,,,,117297.0,Coregonus artedi
773.0,548.0,0.7085,,,,117297.0,Coregonus clupeaformis
1510.0,656.0,0.4385,,41.25,47.0,,Coris aygula
17.9,117.0,6.54,,,,,Coris flavovittata
42.2,160.0,3.79,,13.5,15.7,,Coris gaimard
14.63928571428571,113.0,8.523214285714287,,11.757142857142858,13.185714285714285,,Coris julis
22.75,100.0,5.3549999999999995,,9.9,11.3,,Coris variegata
20.8,134.0,6.44,,11.0,12.8,,Coris venusta
1.23,4.47,3.63,,,4.5,11344.0,Coryogalops ocheticus
2.1675,10.9,5.760000000000001,,,6.2,11344.0,Coryogalops william
8326.666666666666,3568.6666666666665,0.49366666666666664,,88.75,108.25,101297.0,Coryphaena hippurus
722.0833333333334,651.5,1.0878333333333334,,,,13703.0,Coryphaenoides rupestris
2.2,6.0,2.73,,12.5,13.0,,Corythoichthys flavofasciatus
1.2128813559322034,4.98135593220339,4.143389830508474,,,,118717.0,Corythoichthys haematopterus
2.4,20.0,8.33,,,,104901.0,Corythoichthys intestinalis
1.1,5.0,4.55,,11.9,12.5,,Corythoichthys schultzi
120.0,92.0,0.767,,,,,Cottunculus microps
348.0,296.0,0.851,,,,,Crenimugil crenilabis
19.5,27.2,1.4,,,12.0,11344.0,Cryptocentroides gobioides
48.5,245.0,5.22,,10.2,14.0,,Ctenochaetus binotatus
156.6,333.6666666666667,2.2733333333333334,,16.5,21.5,104901.0,Ctenochaetus striatus
53.13333333333333,218.0,6.113333333333332,,10.7,13.3,,Ctenochaetus strigosus
17.084210526315786,138.70000000000002,9.719999999999999,,11.95,,117540.26315789473,Ctenochromis horei
5.71,18.9,3.31,,,7.2,11344.0,Ctenogobius chusanensis
2.065,10.45,6.285,,,6.9,11344.0,Ctenogobius fasciatus
15.061702127659574,111.44680851063829,8.269574468085107,,9.112820512820514,10.446153846153846,,Ctenolabrus rupestris
32.39,144.8,5.093000000000002,,13.049999999999999,,117575.8,Cyathopharynx furcifer
1982.5,210.5,0.1415,,,,,Cyclopterus lumpus
6.699999999999999,184.0,32.35,,,,117394.0,Cyphomyrus psittacus
76.99833333333332,196.08333333333334,2.6791666666666667,,16.080000000000002,,117758.66666666667,Cyphotilapia frontosa
12.30962962962963,86.57777777777777,7.974074074074076,,8.924999999999999,,117657.07407407407,Cyprichromis leptosoma
17.9,117.67,6.816,,11.780000000000001,,117829.0,Cyprichromis microlepidotus
1051.5,1237.0,1.175,,,,117297.0,Cyprinus carpio
20.933333333333334,173.0,9.083333333333332,,8.55,7.4,,Dactyloptena orientalis
11.0,140.0,12.7,,,,104901.0,Dactylopterus volitans
2.4,7.175,3.0600000000000005,,,,,Dactyloscopus tridigitatus
24000.0,3370.0,0.14,,,,117392.0,Dalatias licha
47.65,165.5,3.5300000000000002,,8.7,11.0,,Dascyllus albisella
5.066666666666666,48.0,9.62,,4.433333333333334,5.3,,Dascyllus aruanus
6.75,56.5,8.31,,4.95,6.1,,Dascyllus marginatus
10.7,83.0,7.76,,5.3,7.4,,Dascyllus reticulatus
70.7,200.5,2.9250000000000003,,10.200000000000001,11.75,,Dascyllus trimaculatus
6402.0,23383.5,3.6550000000000002,,,,118717.0,Dasyatis pastinaca
70.0,269.0,3.84,,,,,Daysciaena albida
3712.5,4534.0,1.38,,,,118717.0,Deania calcea
1750.0,3470.0,1.98,,,,27579.0,Deania quadrispinosa
150.0,785.0,5.23,,23.5,25.5,,Decapterus macrosoma
225.0,978.0,4.35,,24.6,27.4,,Decapterus muroadsi
460.0,1492.0,3.24,,,,104901.0,Decapterus tabl
3.026666666666667,9.466666666666667,3.5766666666666667,,,8.0,11344.0,Deltentosteus quadrimaculatus
40.0,65.0,1.63,,9.5,12.0,,Dendrochirus brachypterus
40.0,175.0,4.38,,12.5,15.0,,Dendrophysa russelii
1067.0,2333.0,2.19,,,,118717.0,Dentiraja confusa
492.0,1410.0,2.87,,,,118717.0,Dentiraja lemprieri
229.0,880.0,3.84,,,,118717.0,Dentiraja polyommata
448.9888888888889,367.3888888888889,2.6022777777777777,,20.235714285714288,26.03333333333334,,Dicentrarchus labrax
10.0,40.0,4.0,,5.4,6.8,,Dichotomyctere fluviatilis
3.9,20.7,5.31,,,,,Dinematichthys iluocoeteoides
593.0,731.0,1.297,,22.85,26.425,,Diodon holocanthus
835.75,877.5,1.059,,27.0,32.1,,Diodon hystrix
82.66666666666667,310.0,6.726666666666667,,12.9,17.5,,Diplodus annularis
197.0,713.0,3.62,,16.7,,,Diplodus cervinus
154.0,381.5,2.955,,16.75,20.15,,Diplodus noct
2.01,47.0,23.4,,,,36657.0,Diplomystes nahuelbutaensis
95.0,251.0,2.64,,12.5,15.7,,Diploprion bifasciatum
1500.0,2100.0,1.4,,,,118717.0,Dipturus innominatus
9000.0,7376.0,0.82,,,,118717.0,Dipturus nidarosiensis
147.0,158.0,1.08,,,,118717.0,Dischistodus perspicillatus
3278.4,906.6,1.2236,,46.06,,,Dissostichus eleginoides
13.2,16.413999999999998,4.1290000000000004,,,9.8,11344.0,Dormitator latifrons
11.277142857142858,17.271428571428572,1.667142857142857,,,,118717.0,Doryichthys boaja
0.54,2.2,4.07,,,,118717.0,Doryichthys deokhatoides
0.5177777777777778,2.8444444444444446,5.545555555555556,,,,118717.0,Doryichthys martensii
0.4342857142857143,2.514285714285714,6.528571428571429,,,,118717.0,Doryrhamphus japonicus
4.88,18.15,4.79,,,7.5,11344.0,Drombus triangularis
0.1,2.6,26.0,,,,,Dunckerocampus dactyliophorus
0.67,5.9,9.115,,,,118717.0,Dunckerocampus pessuliferus
21.0,121.0,5.76,,,,,Dussumieria elopsoides
1282.5,1039.0,0.9325,,63.5,73.5,,Echeneis naucrates
35.35,38.5,1.12,,,28.2,104901.0,Echidna nebulosa
38.5,80.3,2.705,,11.35,11.5,,Echiichthys vipera
10.9,27.3,3.005,,29.0,30.0,,Echiodon drummondii
8.685714285714285,61.96428571428571,7.238571428571428,,,,117407.0,Ectodus descampsii
79.76,225.4,3.1979999999999995,,,,,Eleginus nawaga
6.756666666666667,12.466666666666667,1.8633333333333333,,,8.0,11344.0,Eleotris acanthopoma
101.43333333333334,41.233333333333334,1.1013333333333333,,,17.2,11344.0,Eleotris fusca
15.3,14.695,3.7952499999999993,,,11.6,11344.0,Eleotris melanosoma
117.0,58.13333333333333,0.5063333333333333,,,21.0,11344.0,Eleotris oxycephala
39.06666666666666,34.266666666666666,0.983,,,15.5,11344.0,Eleotris sandwicensis
499.0,402.0,0.806,,29.0,34.3,,Ellochelon vaigiensis
111.0,26.9,33.0,,,27.5,46932.0,Elops hawaiensis
11.2,30.0,2.68,,,,,Enchelycore bayeri
555.0,198.0,0.357,,,73.0,,Enchelynassa canina
50.0,169.5,3.515,,,,,Enchelyopus cimbrius
8.88235294117647,19.48823529411765,2.4241176470588237,,,,,Entelurus aequoreus
12.0,40.95,3.4299999999999997,,,,,Entomacrodus epalzeocheilos
2.0,22.8,11.4,,,,,Entomacrodus striatus
46.25,74.2,2.04,,,,,Entomacrodus vermiculatus
148.9,297.0,3.905,,15.15,19.0,,Epibulus insidiator
111.03636363636365,503.09090909090907,5.864545454545453,,19.416666666666668,22.066666666666666,,Epigonus telescopus
226.0,410.0,1.81,,22.0,25.5,,Epinephelus corallicola
587.5,446.5,2.482,,24.35,28.1,,Epinephelus cyanopodus
157.0,301.5,3.0275000000000003,,17.75,21.25,,Epinephelus fasciatus
126.5,256.0,2.1300000000000003,,17.475,20.675,,Epinephelus hexagonatus
32890.0,2310.0,0.07,,,,117297.0,Epinephelus itajara
65.0,247.0,3.8,,,,,Epinephelus longispinis
953.3333333333334,581.0,1.1276666666666666,,33.5,39.85,,Epinephelus maculatus
44.0,104.0,2.36,,12.2,14.5,,Epinephelus malabaricus
274.0,406.0,1.48,,22.0,25.6,,Epinephelus melanostigma
62.916666666666664,180.5,3.385,,13.6,16.04,,Epinephelus merra
1676.0,666.8,0.5025999999999999,,40.3,47.0,,Epinephelus polyphekadion
1100.0,716.0,0.651,,,,,Epinephelus socialis
210.0,391.0,1.86,,20.0,24.0,,Epinephelus summana
1205.0,745.0,0.69,,36.25,42.0,,Epinephelus tauvina
210.0,17.5,0.083,,,,,Eptatretus burgeri
5.95,50.93636363636363,10.063181818181818,,6.0,,117560.45454545454,Eretmodus cyanostictus
14.62,15.680000000000001,2.1037999999999997,,,20.0,11344.0,Erotelis smaragdus
3261.5,462.75,0.8664999999999999,,,,97137.0,Esox lucius
2460.6666666666665,1400.6666666666667,1.2566666666666666,,42.833333333333336,53.73333333333333,,Etelis carbunculus
1750.0,1424.5,1.3,,52.5,68.5,,Etelis oculatus
2228.0,1920.0,0.862,,,,118717.0,Etmopterus baxteri
60.0,480.0,8.0,,,,27579.0,Etmopterus lucifer
476.6666666666667,1896.6666666666667,4.056666666666666,,,,118717.0,Etmopterus spinax
130.0,227.0,1.75,,14.5,18.0,,Etroplus suratensis
17.0,150.0,8.82,,,,104901.0,Eucinostomus gula
85.0,351.0,4.13,,,,,Euristhmus lepturus
51.5,18.95,0.4435,,,50.3,,Eurypharynx pelecanoides
2153.3333333333335,2073.0,0.9893333333333332,,51.0,56.0,,Euthynnus affinis
6291.0,3570.0,0.567,,,,117297.0,Euthynnus alletteratus
444.7142857142857,564.1428571428571,2.5548571428571427,,28.45,33.18333333333333,,Eutrigla gurnardus
0.1,2.0,20.0,,,,,Eviota albolineata
0.449,7.27,16.2,,,3.2,11344.0,Eviota guttata
0.42,3.67,8.74,,,3.2,11344.0,Eviota monostigma
0.402,4.91,12.65,,,3.5,11344.0,Eviota prasina
23.733333333333334,39.233333333333334,2.063333333333333,,,16.2,58122.5,Exyrias puntang
6.63,16.8,2.53,,,8.8,11344.0,Favonigobius lateralis
6.28,29.4,4.68,,,8.3,11344.0,Favonigobius melanobranchus
1.3714285714285717,9.51142857142857,15.235714285714284,,,8.3,11344.0,Favonigobius reichei
200.0,870.0,4.35,,,,117392.0,Figaro boardmani
355.0,711.0,2.0866666666666664,,77.75,91.0,104901.0,Fistularia commersonii
500.0,1005.0,2.01,,86.5,105.0,,Fistularia petimba
1.1,21.0,20.1,,3.7,4.5,,Foa brachygramma
2400.0,3530.0,1.47,,,,118717.0,Fontitrygon garouaensis
45.628571428571426,256.0,6.184285714285714,,13.25,14.6,58320.5,Forcipiger flavissimus
90.2,336.0,3.855,,16.75,17.2,11740.0,Forcipiger longirostris
2.8,27.0,9.6,,,,,Fowleria aurita
12.2,55.0,4.51,,7.2,8.7,,Fowleria punctulata
29.25,124.0,5.0825,,,,,Gadiculus argenteus
1983.375,1402.125,0.9525000000000001,,,,,Gadus macrocephalus
4353.6,1684.175,0.771275,,,,117297.0,Gadus morhua
47.333333333333336,172.66666666666666,5.136666666666667,,,,,Gaidropsarus argentatus
71.33333333333333,152.1,3.186666666666666,,,,,Gaidropsarus ensis
458.0,508.0,1.11,,,,,Gaidropsarus mediterraneus
186.0,279.9,2.3875,,,,,Gaidropsarus vulgaris
183033.33333333334,52263.333333333336,0.273,,,,87422.66666666667,Galeocerdo cuvier
12180.0,10380.0,0.852,,,,117392.0,Galeorhinus galeus
950.0,2538.0,2.67,,,,118717.0,Galeus melastomus
160.0,760.0,4.75,,,,118717.0,Galeus polli
1.7032258064516133,21.85161290322581,14.146774193548385,,5.1,6.8,,Gasterosteus aculeatus
116.33333333333333,253.0,2.5700000000000003,,14.366666666666667,20.85,11740.0,Genicanthus caudovittatus
65.09457575757575,10.903030303030304,1.4038484848484847,,,,117344.0,Geotria australis
133.0,482.0,3.62,,,,104901.0,Gerres cinereus
40.0,215.0,5.38,,11.0,14.0,,Gerres filamentosus
36.333333333333336,144.66666666666666,5.216666666666667,,10.366666666666667,12.033333333333333,,Gerres oyena
29.55,36.11666666666667,2.5203333333333338,,,21.0,11344.0,Gillichthys mirabilis
45300.0,31650.0,0.699,,,,27579.0,Ginglymostoma cirratum
101.89999999999999,54.1,1.348,,,19.7,11344.0,Giuris margaritacea
0.776,5.138,8.238000000000001,,,5.5,11344.0,Gladiogobius ensifer
1100.0,730.0,0.664,,,,,Glaucosoma scapulare
11720.0,12796.0,1.09,,,,118717.0,Glaucostegus typus
4.05,15.611666666666665,8.001666666666667,,,6.966666666666666,11344.0,Glossogobius callidus
2.65,15.9,6.05,,,,,Glossogobius circumspectus
143.72222222222223,47.21777777777778,8.276444444444444,,,15.75,11344.0,Glossogobius giuris
31.41578947368421,98.8736842105263,3.6052631578947367,,11.525,,117584.68421052632,Gnathochromis permaxillaris
8.49090909090909,89.78181818181818,10.736363636363636,,,,117407.0,Gnathochromis pfefferi
172.0,707.0,4.11,,20.0,24.0,,Gnathodentex aureolineatus
2.4516666666666667,10.483333333333333,5.8933333333333335,,,8.0,11344.0,Gnatholepis anjerensis
10.596666666666666,238.33333333333334,23.0,,,,117394.0,Gnathonemus echidnorhynchus
53.68285714285714,859.2571428571429,17.22857142857143,,,,118717.0,Gnathonemus longibarbis
9.844444444444445,275.67555555555555,32.666666666666664,,18.18,,103920.22222222222,Gnathonemus petersii
42.2,159.0,3.77,,,,118717.0,Gobio gobio
4.32,32.78,9.524000000000001,,,,,Gobioclinus bucciferus
3.4899999999999998,12.4,3.91,,,6.2,11344.0,Gobiodon citrinus
3.38,20.0,5.92,,,5.4,11344.0,Gobiodon erythrospilus
1.5466666666666666,10.866666666666665,10.563333333333333,,,4.3,11344.0,Gobiodon rivulatus
36.1,34.0,1.967666666666667,,,14.55,11344.0,Gobiomorphus australis
23.6,38.8,1.64,,,12.0,11344.0,Gobiomorphus coxii
1528.34,106.44000000000001,1.8030000000000002,,,52.95,11344.0,Gobiomorus dormitor
11.325000000000001,16.59,6.77,,,20.0,11344.0,Gobionellus oceanicus
109.0,182.2,1.8720000000000003,,19.025,,,Gobionotothen acuta
0.45,2.425,5.58,,,,,Gobiopsis macrostoma
0.274,2.07,7.56,,,3.0,11344.0,Gobiopsis malekulae
0.11933333333333333,2.106666666666667,18.349999999999998,,,2.7,11344.0,Gobiopterus chuno
0.13,2.4000000000000004,19.15,,,2.7,11344.0,Gobiopterus semivestitus
0.55625,3.3899999999999997,6.404999999999999,,,4.0,11344.0,Gobiosoma paradoxum
184.05,161.5,1.384,,,22.85,11344.0,Gobius cobitis
16.73333333333333,43.63333333333333,4.066666666666667,,,10.066666666666666,11344.0,Gobius couchi
18.5,37.41428571428572,2.345714285714286,,,12.266666666666666,11344.0,Gobius niger
7.7043478260869565,30.3,7.97086956521739,,,8.281818181818183,11344.0,Gobius paganellus
1.5,12.100000000000001,9.465,,,6.0,11344.0,Gobiusculus flavescens
1045.0,2780.0,2.66,,,,118717.0,Gollum attenuatus
66.0,257.0,3.89,,15.5,18.0,,Gomphosus caeruleus
50.35,225.0,7.0600000000000005,,13.75,15.6,,Gomphosus varius
1.8,21.933333333333334,13.466666666666667,,,,,Gramma loreto
785.0,1968.0,2.51,,43.0,49.5,,Grammatorcynus bilineatus
80.9375,170.625,2.14,,,,117407.0,Grammatotria lemairii
75.0,99.0,1.32,,13.5,15.4,,Grammistes sexlineatus
23.775000000000002,100.39999999999999,4.413749999999999,,11.5,,117723.5,Greenwoodochromis christyi
35.709090909090904,139.79999999999998,4.207272727272727,,,,117407.0,Greenwoodochromis staneri
1.505,4.9,3.31,,,9.0,11344.0,Gunnellichthys monostigma
7.01,163.35,34.15,,,,117394.0,Gymnarchus niloticus
27.0,97.0,3.59,,,,,Gymnocanthus tricuspis
1163.3333333333333,1941.6666666666667,1.89,,38.0,45.25,,Gymnocranius euanus
1044.0,1420.3333333333333,2.1166666666666667,,44.5,52.0,,Gymnocranius grandoculis
58.0,408.5,7.16,,12.9,15.85,,Gymnocranius griseus
2.19,12.959999999999999,6.525999999999999,,,5.34,11344.0,Gymnogobius castaneus
0.6033333333333334,6.833333333333333,13.166666666666666,,,4.8,11344.0,Gymnogobius cylindricus
0.6025,9.55,21.3,,,5.0,11344.0,Gymnogobius heptacanthus
6.353333333333334,19.833333333333332,3.1666666666666665,,,8.0,11344.0,Gymnogobius isaza
0.19333333333333336,2.8866666666666667,16.033333333333335,,,3.2,11344.0,Gymnogobius macrognathos
0.6,6.073333333333333,10.333333333333334,,,4.5,11344.0,Gymnogobius uchidai
5.990909090909091,20.727272727272727,5.20090909090909,,,7.566666666666666,11344.0,Gymnogobius urotaenia
5129.0,2282.2,0.8316000000000001,,64.82000000000001,69.28,,Gymnosarda unicolor
106.0,131.0,1.24,,,37.2,,Gymnothorax buroensis
48.0,99.0,2.06,,,,,Gymnothorax eurostus
900.0,165.0,0.183,,,,,Gymnothorax favagineus
693.0,176.66666666666666,1.0936666666666668,,,60.666666666666664,,Gymnothorax flavimarginatus
3510.0,510.0,0.145,,,,117297.0,Gymnothorax funebris
14.8,31.0,2.1,,,26.7,,Gymnothorax gracilicauda
123.0,72.0,0.585,,,,,Gymnothorax griseus
4090.0,367.0,0.5405,,,89.5,,Gymnothorax javanicus
207.0,136.0,0.657,,,,,Gymnothorax margaritophorus
3.0,9.0,3.0,,,13.2,,Gymnothorax melatremus
140.5,383.0,2.2,,,33.0,,Gymnothorax meleagris
425.0,202.0,0.475,,,62.0,,Gymnothorax pictus
108.0,134.0,1.24,,,40.1,,Gymnothorax pindae
32.6,52.0,1.6,,,28.9,,Gymnothorax rueppelliae
1094.0,215.8,0.24580000000000002,,,51.666666666666664,,Gymnothorax undulatus
11.2,32.0,2.86,,,21.2,,Gymnothorax zonipectis
62.0025,164.5,3.295,,,,36657.0,Gymnotus carapo
2890.0,3790.0,1.31,,,,118717.0,Gymnura australis
192.0,694.0,3.62,,,,104901.0,Haemulon carbonarium
96.0,474.0,4.94,,,,104901.0,Haemulon flavolineatum
177.85,565.0,4.2,,,,72070.0,Haemulon plumierii
33.873333333333335,147.12666666666667,5.762666666666665,,,,,Halargyreus johnsonii
16.15,85.8,5.33,,9.2,10.4,,Halichoeres biocellatus
18.6,117.0,6.28,,,,104901.0,Halichoeres bivittatus
38.0,167.0,4.4,,,,104901.0,Halichoeres garnoti
150.33333333333334,305.6666666666667,2.066666666666667,,19.3,22.049999999999997,104901.0,Halichoeres hortulanus
12.0,64.0,5.33,,,,104901.0,Halichoeres maculipinna
6.3,64.85,10.3,,7.1,8.5,104901.0,Halichoeres margaritaceus
18.5,87.5,7.59,,8.25,9.75,,Halichoeres marginatus
11.15,58.55,9.57,,5.5,6.2,,Halichoeres melanurus
15.0,63.3,7.395,,,,,Halichoeres nigrescens
13.3,94.0,7.07,,8.6,10.0,,Halichoeres ornatissimus
26.0,112.0,4.31,,,,104901.0,Halichoeres poeyi
5.085,52.3,10.25,,,,104901.0,Halichoeres trimaculatus
3.6,17.5,4.86,,,,,Halimuraena hexagonata
2.4,14.6,6.08,,,,,Haliophis guttatus
29.259200000000007,134.388,6.359600000000001,,9.966666666666667,,117609.56,Haplotaxodon microlepis
2205.0,3100.0,1.41,,,,118717.0,Harriotta raleighana
631.5714285714286,317.5,1.0339285714285718,,23.745454545454546,28.236363636363638,,Helicolenus dactylopterus
73.03333333333335,182.83333333333334,2.953333333333333,,,,117407.0,Hemibates stenosoma
18.95,68.0,3.8150000000000004,,9.0,,,Hemichromis bimaculatus
2330.0,5170.0,2.22,,,,117392.0,Hemigaleus microstoma
231.0,528.0,2.29,,20.0,23.8,,Hemigymnus fasciatus
196.0,432.0,2.2,,19.0,22.1,,Hemigymnus melapterus
37.0,182.0,4.92,,22.5,25.2,,Hemiramphus far
105.0,451.0,4.3,,31.6,35.0,,Hemiramphus lutkei
600.0,1960.0,3.27,,,,117392.0,Hemiscyllium ocellatum
65.55,251.5,4.390000000000001,,11.1,10.9,11740.0,Hemitaurichthys polylepis
2950.0,11460.0,3.89,,,,118717.0,Hemitrygon fluviorum
109.5,326.0,4.286666666666666,,12.466666666666667,13.4,11740.0,Heniochus acuminatus
126.25,387.0,3.335,,13.25,14.0,11740.0,Heniochus chrysostomus
265.5,367.0,1.3900000000000001,,15.6,18.2,11740.0,Heniochus intermedius
384.5,547.5,1.505,,20.0,20.5,11740.0,Heniochus monoceros
431.0,521.0,1.3399999999999999,,20.1,20.2,11740.0,Heniochus singularius
189.5,403.0,2.495,,15.25,15.6,11740.0,Heniochus varius
2120.0,1940.0,0.915,,,,27579.0,Heptranchias perlo
61.8,138.0,2.24,,,,,Heros severus
1.656666666666667,9.043333333333335,5.88,,,6.0,11344.0,Hetereleotris zonata
2930.0,4300.0,1.47,,,,27579.0,Heterodontus francisci
221.5,512.5,2.3200000000000003,,19.1,22.7,104901.0,Heteropriacanthus cruentatus
175.5575,867.25,9.8475,,,,21355.0,Heterotis niloticus
13785.0,7274.5,0.6365,,,,118717.0,Hexanchus griseus
20200.0,9000.0,0.446,,,,118717.0,Hexanchus nakamurai
72.0,160.0,2.22,,16.5,19.5,,Hime japonica
0.3563157894736842,2.063157894736842,6.481578947368421,,,,118717.0,Hippichthys cyanospilos
0.9600000000000001,4.15,4.405,,,,118717.0,Hippichthys penicillus
10.40625,15.424999999999999,1.624875,,,,118717.0,Hippocampus abdominalis
8.125,18.700000000000003,2.3049999999999997,,,,118717.0,Hippocampus comes
1.73,9.85,5.825,,,,118717.0,Hippocampus hippocampus
6.0,12.0,2.0,,,16.0,,Hippocampus histrix
11.169999999999998,15.39,1.4520000000000004,,,,118717.0,Hippocampus kuda
4.1,4.800000000000001,1.2349999999999999,,,,118717.0,Hippocampus reidi
10.795000000000002,9.918750000000001,1.0205000000000002,,,,118717.0,Hippocampus spinosissimus
8.999,7.650000000000002,1.1916666666666667,,,,118717.0,Hippocampus trimaculatus
1720.0,1062.0,0.617,,41.2,47.6,,Hipposcarus harid
350.0,671.0,1.92,,,,,Hologymnosus annulatus
42.0,103.0,2.45,,19.0,21.5,,Hoplichthys citrinus
1250.4285714285713,442.14285714285717,0.7254285714285714,,,,,Hoplostethus mediterraneus
8.7,35.5,4.08,,,,,Howella sherborni
2145.0,2990.0,1.39,,,,118717.0,Hydrolagus bemisi
515.0,1863.0,3.62,,,,118717.0,Hydrolagus mirabilis
1120.0,2900.0,2.59,,,,118717.0,Hydrolagus novaezealandiae
27500.0,26450.0,0.962,,,,117388.0,Hypanus americanus
65351.666666666664,45680.0,1.928333333333333,,,,117297.0,Hypanus sabinus
1.7,16.0,9.4,,,,,Hyperlophus translucidus
110.0,155.0,1.41,,33.0,36.0,,Hyperoplus immaculatus
16.3,47.4,2.9699999999999998,,,,,Hyperoplus lanceolatus
8.8,61.5,6.845000000000001,,,,,Hypoatherina temminckii
108.4,266.0,2.52,,,,,Hyporhamphus dussumieri
16.0,59.0,3.69,,,,,Hyporhamphus limbatus
8.0,51.0,6.38,,,,,Hyporthodus septemfasciatus
16.7,80.0,4.8,,13.94,,101288.0,Hypostomus plecostomus
0.6699999999999999,8.366666666666667,15.300000000000002,,,4.4,11344.0,Hypseleotris aurea
0.9766666666666666,6.62,7.206666666666667,,,5.5,11344.0,Hypseleotris galii
8.446666666666667,4.2,0.6893333333333334,,,,118521.0,Ichthyomyzon castaneus
4.0,3.7,0.925,,,,118521.0,Ichthyomyzon greeleyi
57.76666666666667,9.399999999999999,0.171,,,,118521.0,Ichthyomyzon unicuspis
54.0,162.0,3.0,,,,36657.0,Ictalurus punctatus
6.3,5.8,0.921,,,,,Idiacanthus fasciola
16.2,75.0,4.63,,8.4,10.5,,Iracundus signifer
13.765,113.5,8.58,,,,117394.0,Isichthys henryi
540.0,370.0,0.685,,,,118717.0,Isistius brasiliensis
1.0,11.5,11.5,,,,,Iso natalensis
14.0,40.3,2.88,,,9.4,,Istiblennius bellus
10.15,48.4,4.765,,8.3,10.0,,Istiblennius edentulus
10.7,38.7,3.62,,8.9,10.2,,Istiblennius rivulatus
8.879999999999999,21.360000000000003,4.241999999999999,,,8.966666666666667,11344.0,Istigobius decoratus
7.6,19.225,2.9575,,,9.5,11344.0,Istigobius ornatus
14.3,41.45,2.9400000000000004,,,10.2,11344.0,Istigobius rigilius
24000.0,2906.0,0.121,,201.0,,,Istiophorus platypterus
113515.0,18860.0,0.2185,,,,72485.5,Isurus oxyrinchus
14.32,356.5,24.9,,,,117394.0,Ivindomyrus marchei
17.2,75.0,4.36,,,,,Jaydia ellioti
5.186666666666667,47.300000000000004,9.324166666666667,,8.15,,117829.0,Julidochromis marlieri
4.7532258064516135,42.54193548387098,9.379677419354836,,6.658124999999999,,117821.0,Julidochromis ornatus
7.938333333333335,53.074999999999996,7.060000000000001,,9.383333333333333,,117829.0,Julidochromis regani
3.4966666666666666,35.9,10.433333333333335,,6.45,,118251.0,Julidochromis transcriptus
2390.0,1420.0,0.594,,,,101297.0,Kajikia audax
7052.5,4456.25,0.63575,,,,101297.0,Katsuwonus pelamis
0.6074999999999999,5.365,8.945,,,4.0,11344.0,Knipowitschia caucasica
0.22499999999999998,0.603,2.795,,,4.5,11344.0,Kraemeria cunicularia
0.249,1.07,4.3,,,4.0,11344.0,Kraemeria nuda
0.1,0.7,7.0,,,,,Kraemeria samoensis
45.0,203.0,4.51,,13.7,16.2,,Kuhlia mugil
49.01666666666667,160.66666666666666,5.4750000000000005,,12.819999999999999,15.98,,Kuhlia sandvicensis
1093.75,843.5,1.3995000000000002,,25.066666666666666,30.400000000000002,,Kyphosus bigibbus
1625.0,1539.0,0.947,,,,,Kyphosus cinerascens
20.0,100.0,5.0,,9.2,11.0,,Labrichthys unilineatus
7.575,59.025000000000006,8.32,,7.0,8.399999999999999,,Labroides dimidiatus
3.3666666666666667,43.0,12.966666666666667,,,,,Labroides phthirophagus
366.7132352941176,448.0735294117647,5.367838235294117,,19.136666666666667,22.598333333333333,,Labrus bergylta
136.9,284.75,9.29,,15.9,18.033333333333335,,Labrus mixtus
480.0,910.0,1.9,,,,117297.0,Lachnolaimus maximus
114.0,386.0,3.39,,,,104901.0,Lactophrys bicaudalis
17.0,106.0,6.26,,,,,Lactoria cornuta
15.64,82.34,5.296,,13.5,16.0,,Lampanyctus crocodilus
1.2,14.1,11.8,,,,,Lampanyctus photonotus
70.8575,17.6325,0.40125000000000005,,,,118521.0,Lampetra fluviatilis
9.4875,8.425,1.9290000000000003,,,,118521.0,Lampetra planeri
0.81,4.5,5.56,,,,118521.0,Lampetra richardsoni
8.49,49.375,7.629999999999999,,8.525,,117829.0,Lamprologus callipterus
9.8,78.1,7.97,,,,117407.0,Lamprologus lemairii
3.681,33.23,9.158,,5.116999999999999,,118184.0,Lamprologus ocellatus
2.1307692307692303,25.984615384615385,13.674615384615386,,,,117407.0,Lamprologus ornatipinnis
14.0,80.6,5.76,,,,,Larabicus quadrilineatus
23962.5,1015.0,0.04075000000000001,,,,27425.0,Latimeria chalumnae
3.9,14.0,3.59,,,,,Lepadogaster candolii
5.01,12.28,2.7730000000000006,,5.319999999999999,6.139999999999999,,Lepadogaster lepadogaster
10.1,60.3,5.97,,,,117407.0,Lepidiolamprologus attenuatus
30.3,132.86,5.196,,,,117407.0,Lepidiolamprologus elongatus
18.698333333333334,85.925,5.5441666666666665,,11.866666666666667,,117829.0,Lepidiolamprologus kendalli
50.44666666666667,131.59333333333333,2.866,,,,117407.0,Lepidiolamprologus profundicola
193.15,429.00666666666666,2.8383333333333334,,,,,Lepidion eques
5890.0,2280.0,0.387,,,,101297.0,Lepidocybium flavobrunneum
262.5,311.0,1.1949999999999998,,24.1,,,Lepidonotothen squamifrons
642.0,411.0,0.64,,,,,Lepidosiren paradoxa
72.0,142.0,1.97,,,,,Lepidotrigla papilio
721.9666666666667,486.0,2.2536666666666667,,,,36657.0,Lepisosteus osseus
82.0,114.0,1.39,,,,,Lepomis cyanellus
29.35,140.5,4.785,,,,,Lepomis gibbosus
20.0,55.0,2.75,,16.2,17.9,,Leptagonus decagonus
1.0775,4.9,5.5125,,,6.0,11344.0,Lesueurigobius suerii
6.165,12.65,2.075,,,,118521.0,Lethenteron appendix
107.0,25.1,0.235,,,,118521.0,Lethenteron camtschaticum
700.0,943.0,1.35,,,,,Lethrinus genivittatus
500.0,1663.0,3.33,,,,,Lethrinus lentjan
1210.0,1549.3333333333333,1.7466666666666668,,26.0,30.2,,Lethrinus mahsena
2250.0,1704.0,0.757,,48.0,59.0,,Lethrinus microdon
610.0,856.0,1.4,,,,,Lethrinus obsoletus
350.0,1007.0,2.88,,23.0,29.0,,Lethrinus variegatus
1840.0,2367.0,1.295,,44.5,50.5,,Lethrinus xanthochilus
0.5975555555555556,3.954444444444444,6.699999999999999,,,5.5,11344.0,Leucopsarion petersii
2710.0,3613.0,1.33,,,,118717.0,Leucoraja circularis
3400.0,4620.0,1.36,,,,118717.0,Leucoraja fullonica
1200.0,1979.0,1.65,,,,118717.0,Leucoraja naevus
4.596666666666667,52.1,11.75,,7.0,,118251.0,Limnochromis auritus
26.91,114.39375,15.06375,,6.333333333333333,,117723.5,Limnotilapia dardennii
33.0,150.75,4.5775,,13.450000000000001,,,Lindbergichthys mizops
10.0,39.0,3.9,,6.4,7.5,,Liparis liparis
9.325,50.90625,6.134687500000002,,8.366666666666667,9.725925925925925,,Lipophrys pholis
7.8,38.0,4.87,,6.9,8.2,,Liza carinata
40.13571428571429,243.14285714285714,7.575000000000001,,,,117407.0,Lobochilotes labiatus
270.0,126.85,1.068,,20.75,14.0,,Lophius budegassa
3917.3333333333335,374.8333333333333,0.8186666666666668,,43.333333333333336,71.66666666666667,,Lophius piscatorius
11.9,19.14,1.716,,,10.0,11344.0,Lophogobius cyprinoides
0.45766666666666667,2.433333333333333,8.026666666666666,,,5.5,11344.0,Luciogobius guttatus
38.0,78.55000000000001,2.3449999999999998,,,,,Lumpenus lampretaeformis
2490.0,2090.0,0.839,,,,117297.0,Lutjanus analis
87.0,576.0,6.62,,,,104901.0,Lutjanus apodus
7400.0,2992.0,0.404,,64.0,79.0,,Lutjanus argentimaculatus
2895.0,2439.3333333333335,2.3009999999999997,,41.233333333333334,49.833333333333336,,Lutjanus bohar
34.0,258.0,7.59,,,,104901.0,Lutjanus buccanella
161.54000000000002,495.2,3.3600000000000003,,18.125,21.275,,Lutjanus fulvus
825.0,1436.5,1.725,,30.35,38.2,,Lutjanus gibbus
233.0,632.0,2.71,,,,104901.0,Lutjanus griseus
240.0,674.5,2.805,,21.1,25.1,,Lutjanus kasmira
212.0,601.0,2.84,,20.0,25.0,,Lutjanus lemniscatus
108.0,594.0,5.5,,,,104901.0,Lutjanus mahogoni
831.0,1300.0,1.755,,31.666666666666668,36.266666666666666,,Lutjanus monostigma
130.0,504.0,3.88,,,,,Lutjanus notatus
190.0,520.0,2.74,,18.0,22.0,,Lutjanus rivulatus
107.0,507.0,4.74,,17.2,21.2,,Lutjanus vitta
2620.0,2724.0,1.04,,44.0,56.5,,Macolor niger
1.0899999999999999,8.108,10.864,,,5.5,11344.0,Macrodontogobius wilburi
32.0,110.0,3.44,,11.2,12.0,,Macropharyngodon geoffroy
774.3333333333334,997.5,1.7191666666666665,,,,,Macrourus berglax
6.4,57.3,8.95,,9.5,10.9,,Malacanthus brevirostris
210.66666666666666,446.6666666666667,2.42,,,,,Malacocephalus laevis
24.0,16.0,0.667,,15.5,16.4,,Malacosteus niger
23.325,94.25,4.0600000000000005,,,,,Mallotus villosus
8.7,10.23,1.177,,,,,Malthopsis mitrigera
13.5225,301.0,25.025,,,,117394.0,Marcusenius moorii
42.8,559.0,13.0,,,,117394.0,Marcusenius ntemensis
18.7,407.0,21.8,,,,117394.0,Marcusenius sanagaensis
5.753636363636364,179.70000000000002,41.918181818181814,,,,118717.0,Marcusenius victoriae
1.3,12.7,9.8,,,,,Maurolicus muelleri
1040000.0,19800.0,0.02,,,544.0,37119.0,Megachasma pelagios
140.0,627.0,4.48,,21.5,25.0,,Megalaspis cordyla
0.4,7.6,19.0,,,,,Meiacanthus anema
1.1,15.9,14.5,,4.0,5.3,,Meiacanthus atrodorsalis
4.0,20.1,5.03,,5.2,6.7,,Meiacanthus nigrolineatus
1679.7142857142858,1262.2857142857142,1.9181428571428571,,,,117297.0,Melanogrammus aeglefinus
81.5,341.0,4.18,,13.0,14.6,,Melichthys vidua
24.8,161.6,7.516000000000001,,9.8,11.26,,Mene maculata
202.9,229.09,6.0493,,,,,Merlangius merlangus
5923.5,1112.75,0.22025,,,,,Merluccius merluccius
1.95,2.74,1.41,,,11.0,11344.0,Microdesmus retropinnis
2.106666666666667,5.960000000000001,3.3000000000000003,,,6.8,11344.0,Microgobius gulosus
162.0,434.72222222222223,3.292222222222222,,,,,Micromesistius poutassou
3.8249999999999993,8.387500000000001,2.2925000000000004,,,,118717.0,Microphis brachyurus
53.0,198.0,3.74,,,,104901.0,Microspathodon chrysurus
14.0,32.0,2.29,,6.7,8.5,,Minous monodactylus
165000.0,122000.0,0.739,,,,117388.0,Mobula birostris
59600.0,55350.0,0.929,,,,117388.0,Mobula japanica
11800.0,20000.0,1.7,,,,118717.0,Mobula munkiana
165000.0,122000.0,0.739,,,,118717.0,Mobula tarapacana
52750.0,67250.0,1.377,,,,118717.0,Mobula thurstoni
118.65,108.65,1.5554999999999999,,,20.0,11344.0,Mogurnda mogurnda
4600.0,922.0,0.2,,,,,Mola mola
3312.0,1237.5,1.194,,,,,Molva dypterygia
2173.5,784.5,1.23875,,,,,Molva macrophthalma
5724.8,1659.016,0.3706,,,,,Molva molva
163.14499999999998,519.0,4.9625,,16.466666666666665,20.633333333333333,104901.0,Monotaxis grandoculis
1124.75,628.75,1.1865,,,,,Mora moro
3.41,8.7,2.55,,,,118521.0,Mordacia lapicida
55.0,17.15,0.312,,,,118521.0,Mordacia mordax
2.6075,6.050000000000001,2.5225,,,,118521.0,Mordacia praecox
30.799999999999997,364.03,12.35,,,,117394.0,Mormyrops anguilloides
93.15,608.5,7.970000000000001,,,,117394.0,Mormyrops nigricans
29.11,249.0,13.226666666666667,,,,117394.0,Mormyrops zanclirostris
257.306,2903.71,11.857,,,,118717.0,Mormyrus kannume
123.55,2140.025,17.75,,,,117394.0,Mormyrus tapirus
440.0,333.1666666666667,0.9108333333333332,,29.125,35.75,,Mugil cephalus
0.9,5.515000000000001,6.26,,,4.0,11344.0,Mugilogobius cavifrons
203.8,629.4,3.184,,,,,Mulloidichthys flavolineatus
757.0,924.0,1.22,,34.2,35.7,,Mullus barbatus+barbatus
228.33333333333334,538.6666666666666,3.276666666666667,,20.566666666666666,24.7,,Mullus surmuletus
110.0,323.0,2.94,,,,,Muraenolepis marmorata
580.0,3840.0,6.62,,,,117392.0,Mustelus antarcticus
800.0,3088.0,3.86,,,,118717.0,Mustelus asterias
6500.0,8310.0,1.28,,,,27579.0,Mustelus canis
2290.0,5970.0,2.61,,,,117392.0,Mustelus lenticulatus
2712.0,1990.0,0.734,,,,117297.0,Mycteroperca bonaci
7.366666666666667,41.666666666666664,5.740000000000001,,7.866666666666667,9.5,,Myctophum punctatum
5430.0,14280.0,2.63,,,,118717.0,Myliobatis freminvillei
626.0,5090.0,8.13,,,,118717.0,Myliobatis tenuicaudatus
15.533333333333333,340.3333333333333,23.76666666666667,,,,117394.0,Myomyrus macrops
386.25,205.625,1.75175,,29.625,34.75,,Myoxocephalus scorpius
24.9,209.0,8.39,,,,104901.0,Myripristis berndti
90.0,302.0,3.36,,13.9,17.3,,Myripristis chryseres
119.0,384.0,3.23,,,,104901.0,Myripristis jacobus
29.766666666666666,225.66666666666666,7.863333333333334,,10.5,13.2,104901.0,Myripristis kuntee
209.75,476.75,2.59,,20.0,25.1,,Myripristis murdjan
92.0,413.0,4.49,,,,,Myripristis pralinia
108.66666666666667,345.6666666666667,3.9166666666666665,,13.5,17.1,104901.0,Myripristis violacea
225.0,593.0,2.64,,19.5,24.7,,Myripristis woodsi
162.0,15.7,0.097,,,,,Myxine glutinosa
7.85,43.2,5.965,,10.2,11.75,,Nannobrachium atrum
20.0,42.2,2.11,,,,,Nannobrachium lineatum
220.0,520.0,2.36,,,,118717.0,Narcinops tasmaniensis
258.3666666666667,635.3333333333334,3.9466666666666668,,26.700000000000003,29.6,,Naso brevirostris
198.0,666.0,3.36,,21.0,24.0,,Naso hexacanthus
401.75,783.25,2.6045000000000003,,24.333333333333332,26.7,,Naso lituratus
86.0,457.0,5.31,,,,,Naso thynnoides
340.0,665.0,1.96,,20.5,25.5,,Naso unicornis
1220.0,1352.0,1.11,,37.0,53.0,,Naso vlamingii
32200.0,15160.0,0.471,,,,117392.0,Nebrius ferrugineus
13.8,92.0,6.67,,,,,Nectamia savayensis
1740.0,10070.0,5.79,,,,117392.0,Negaprion acutidens
14250.0,14030.0,0.985,,,,118717.0,Negaprion brevirostris
3.3979999999999997,12.32,5.388,,,8.0,11344.0,Nematogobius maindroni
36.0,36.650000000000006,1.4894999999999998,,10.0,11.2,,Nemichthys scolopaceus
218.0,684.0,3.14,,22.0,27.0,,Nemipterus furcosus
122.0,305.0,2.5,,16.5,21.0,,Nemipterus japonicus
47.0,124.0,2.64,,,,,Neoglyphidodon nigroris
1.9571428571428573,22.900000000000002,16.565714285714282,,4.425,,117889.28571428571,Neolamprologus brevis
4.938571428571429,36.22857142857143,7.6135714285714275,,7.185714285714285,,117829.0,Neolamprologus brichardi
7.08,64.0,9.04,,,,118717.0,Neolamprologus fasciatus
10.965,82.78999999999999,7.7,,7.426999999999998,,118184.0,Neolamprologus modestus
0.446,9.07,20.32,,2.636,,118184.0,Neolamprologus multifasciatus
9.663333333333332,64.13333333333334,7.8566666666666665,,9.033333333333333,,118251.0,Neolamprologus pleuromaculatus
2.8994957446808516,24.175319148936165,15.241276595744681,,5.4350000000000005,,111513.53191489361,Neolamprologus pulcher
3.989,35.470000000000006,9.002999999999998,,5.281,,118184.0,Neolamprologus savoryi
18.986666666666665,88.43333333333334,6.1773333333333325,,10.066666666666668,,117575.8,Neolamprologus sexfasciatus
12.349615384615387,79.87692307692308,6.971153846153848,,8.034545454545453,,117738.30769230769,Neolamprologus tetracanthus
10.22857142857143,70.55,7.271428571428571,,8.914285714285715,,117829.0,Neolamprologus tretocephalus
283.0,249.5,0.898,,26.7,31.8,,Neomyxus leuciscus
37.0,269.0,7.27,,11.5,14.0,,Neoniphon argenteus
190.5,602.0,3.16,,19.75,22.5,,Neoniphon aurolineatus
169.0,612.0,3.62,,22.5,26.2,,Neoniphon opercularis
87.46666666666665,445.0,5.433333333333334,,15.85,18.75,104901.0,Neoniphon sammara
15.0,100.0,6.67,,8.0,10.7,,Neopomacentrus cyanomos
33.0,144.0,4.36,,10.7,12.5,,Neopomacentrus miryae
1370.0,10830.0,7.91,,,,118717.0,Neotrygon kuhlii
1.3,3.4,2.62,,,,,Nerophis lumbriciformis
33.333333333333336,120.56666666666666,6.096666666666667,,,,,Nezumia aequalis
0.61,19.0,31.1,,,,118717.0,Nomorhamphus megarrhamphus
0.589,18.0,30.6,,,,36657.0,Nomorhamphus towoetii
114.0,143.33333333333334,1.4560000000000002,,,,,Notacanthus bonaparte
4500.0,812.0,0.18,,102.0,,,Notacanthus chemnitzii
22170.0,5700.0,0.257,,,,117392.0,Notorynchus cepedianus
9.0,75.6,8.4,,,,,Notoscopelus caudispinosus
26.3,125.8,5.795000000000001,,12.083333333333334,14.066666666666668,,Notoscopelus elongatus
1880.0,928.75,0.63625,,45.63333333333333,,,Notothenia rossii
23.2,88.0,3.79,,,,36657.0,Noturus flavus
325.0,633.0,1.95,,25.0,30.5,,Oblada melanura
255.0,940.0,3.69,,,,117297.0,Ocyurus chrysurus
66.3,35.7,0.538,,,30.0,11344.0,Odontamblyopus lacepedii
16.7,17.9,1.075,,,,,Odontamblyopus rubicundus
51.199999999999996,41.63333333333333,1.125,,,17.5,11344.0,Odontobutis obscura
1045.0,786.0,1.0215,,22.0,32.0,,Odonus niger
60.0,58.3,0.972,,,,,Omosudis lowii
0.2,4.2,21.0,,3.4,3.9,,Omox biporos
680.1600000000001,430.8,2.1513999999999998,,,,101169.0,Oncorhynchus mykiss
249.2,113.58,1.5941999999999998,,,34.0,11344.0,Ophiocara porocephala
10.056666666666667,83.16666666666667,8.756666666666666,,8.933333333333334,,117829.0,Ophthalmotilapia boops
17.92,111.18799999999999,6.7212,,9.225,,117542.04,Ophthalmotilapia nasuta
14.8,112.76666666666667,7.693333333333335,,9.95,,117567.76190476191,Ophthalmotilapia ventralis
7.9,26.0,3.29,,,,,Opisthoproctus soleatus
21.3,72.0,3.38,,,,,Opistognathus macrognathus
20.5,71.7,3.5,,,,,Opistognathus maxillosus
2.882,14.940000000000001,9.36,,,5.75,11344.0,Oplopomus oplopomus
12300.0,3230.0,0.263,,,,117392.0,Orectolobus maculatus
3410.0,2110.0,0.619,,,,117392.0,Orectolobus ornatus
110.0,257.0,2.34,,16.0,20.0,,Oreochromis macrochir
19.2,107.0,5.616666666666667,,,,,Oreochromis mossambicus
137.5,278.0,2.02,,16.0,20.0,,Oreochromis niloticus
485.6666666666667,342.0,0.6983333333333333,,,,118717.0,Oreochromis tanganicae
13.04,219.0,16.8,,,,36657.0,Orthosternarchus tamandua
0.4135,12.5,30.425,,,,36657.0,Oryzias celebensis
0.242,14.0,57.9,,,,36657.0,Oryzias dancena
0.29433333333333334,12.333333333333334,42.166666666666664,,,,36657.0,Oryzias latipes
0.644,17.0,26.4,,,,36657.0,Oryzias marmoratus
0.5123333333333333,14.833333333333334,29.366666666666664,,,,36657.0,Oryzias matanensis
0.594,16.0,26.9,,,,36657.0,Oryzias profundicola
65.56666666666666,444.3333333333333,8.72,,,,117297.0,Osmerus mordax
93.82,645.0,25.736666666666665,,,,21355.0,Osteoglossum bicirrhosum
55.0,136.0,2.47,,14.0,16.3,,Osteomugil cunnesius
6.6,65.0,9.8,,6.0,8.0,,Ostorhinchus angustatus
3.1,39.0,12.6,,5.0,6.6,,Ostorhinchus compressus
2.5,26.9,10.8,,,,,Ostorhinchus cookii
16.8,33.5,6.345,,,,,Ostorhinchus cyanosoma
18.0,92.0,5.11,,,,,Ostorhinchus endekataenia
8.5,49.0,5.77,,6.7,8.1,,Ostorhinchus fasciatus
8.566666666666666,64.0,7.956666666666667,,7.8,9.6,,Ostorhinchus nigrofasciatus
14.5,88.0,6.07,,,,,Ostorhinchus norfolcensis
532.6666666666666,452.6666666666667,0.9103333333333333,,24.75,30.05,,Ostracion cubicus
57.0,209.0,3.67,,,,,Ostracion cyanurus
2.5966666666666667,9.700000000000001,8.19,,,9.5,11344.0,Oxuderces dentatus
195.0,327.0,1.68,,18.5,21.3,,Oxycheilinus arenatus
45.0,135.0,3.145,,14.4,17.0,,Oxycheilinus celebicus
88.75,260.0,3.005,,15.75,18.25,,Oxycheilinus digramma
108.5,252.33333333333334,2.393333333333333,,16.2,18.5,,Oxycheilinus unifasciatus
9.3,76.0,8.17,,7.5,8.9,,Oxymonacanthus longirostris
2543.0,2250.0,0.885,,,,118717.0,Oxynotus bruniensis
2400.0,3434.0,1.43,,,,118717.0,Oxynotus paradoxus
16.533333333333335,24.0,1.76,,,16.5,11344.0,Oxyurichthys tentacularis
1157.142857142857,1470.4285714285713,1.5462857142857143,,34.083333333333336,40.333333333333336,,Pagellus bogaraveo
123.5,597.5,5.119999999999999,,17.45,21.4,,Pagellus erythrinus
0.20533333333333337,1.9466666666666665,11.18,,,3.0,11344.0,Palutrus meteori
0.1,1.5,15.0,,,,,Pandaka lidwilli
2.6854545454545455,29.459090909090904,12.12090909090909,,,,117394.0,Pantodon buchholzi
59.53499999999999,110.65,1.9769999999999999,,14.933333333333337,17.272222222222226,,Parablennius gattorugine
46.0,101.0,2.165,,13.95,16.05,,Parablennius sanguinolentus
8.95,52.65,5.81,,,,,Paracheilinus octotaenia
16.1,92.5,5.904999999999999,,,,104901.0,Paracirrhites arcatus
3.8683333333333336,47.73333333333333,12.499999999999998,,7.566666666666666,,118251.0,Paracyprichromis brieni
0.7424999999999999,4.5,9.8475,,,4.0,11344.0,Paragobiodon echinocephalus
15.55,182.5,11.9,,,,117394.0,Paramormyrops gabonensis
10.14,156.66666666666666,17.099999999999998,,,,117394.0,Paramormyrops kingsleyae
12.0,85.0,7.08,,,,104901.0,Parapercis clathrata
14.5,89.0,6.14,,9.6,11.2,,Parapercis cylindrica
64.75,160.0,3.92,,,,,Parapercis hexophtalma
41.0,183.0,4.46,,,,,Parapercis millepunctata
130.0,202.0,1.55,,20.0,25.2,,Parapercis nebulosa
60.5,184.0,3.03,,,,,Parapercis roseoviridis
3.3,31.6,9.6,,5.9,6.8,,Parapercis schauinslandii
1.3,15.0,11.5,,,,,Parascorpaena picta
400.0,666.0,1.67,,,,,Parastromateus niger
14.166666666666666,12.5,1.0703333333333334,,,18.0,11344.0,Paratrypauchen microcephalus
0.18333333333333335,1.623333333333333,8.466666666666667,,,3.0,11344.0,Parioglossus raoi
3.07,43.0,14.0,,,,118717.0,Parodon nasus
451.40000000000003,563.3333333333334,5.63,,26.400000000000002,23.85,,Parupeneus barberinus
194.0,529.0,2.73,,20.0,25.0,,Parupeneus cyclostomus
70.7,281.5,7.2749999999999995,,,,,Parupeneus forsskali
141.0,386.0,2.72,,,,,Parupeneus heptacanthus
82.25,276.0,5.345000000000001,,13.899999999999999,16.8,,Parupeneus indicus
110.33333333333333,396.3333333333333,3.963333333333333,,17.6,20.7,,Parupeneus macronemus
69.35,335.5,4.85,,15.2,18.1,,Parupeneus multifasciatus
194.0,608.5,3.2,,21.95,25.3,,Parupeneus pleurostigma
243.5,513.0,2.35,,23.0,28.0,,Parupeneus porphyreus
6.45,84.0,20.55,,5.75,6.949999999999999,,Parupeneus rubescens
189.5,481.2,4.958,,18.5,22.14,,Parupeneus trifasciatus
15000.0,23320.0,1.56,,,,118717.0,Pastinachus sephen
11380.0,40480.0,3.56,,,,118717.0,Pateobatis fai
1.3,8.6,6.62,,,,,Pegasus volitans
70.76666666666667,239.33333333333334,4.44,,12.9,15.899999999999999,104901.0,Pempheris oualensis
165.0,497.0,3.01,,18.0,25.0,,Pentapodus caninus
179.5,295.5,1.6400000000000001,,,,117297.0,Perca flavescens
67.3,162.0,2.41,,,,118717.0,Perca fluviatilis
168.0,167.0,0.995,,,25.5,11344.0,Periophthalmodon freycineti
14.288333333333332,36.46666666666667,3.685,,,12.75,11344.0,Periophthalmus argentilineatus
21.4,57.825,6.645,,,15.75,11344.0,Periophthalmus barbarus
15.05,41.3,2.76,,,12.5,11344.0,Periophthalmus kalolo
11.3,75.0,6.64,,,,,Periophthalmus modestus
13.1,81.3,6.21,,,8.5,11344.0,Periophthalmus novaeguineaensis
13.6,79.3,5.83,,,,117407.0,Perissodus eccentricus
11.290909090909093,83.68181818181819,7.668181818181819,,,,117407.0,Perissodus microlepis
18.5,130.5,7.25,,,,,Pervagor melanocephalus
16.5,114.5,7.050000000000001,,,,,Pervagor spilosoma
7.26,109.81599999999999,15.2,,,,117394.0,Petrocephalus binotatus
1.8733333333333333,47.67777777777778,33.9,,,,118717.0,Petrocephalus catostoma
7.0575,132.525,22.5,,,,117394.0,Petrocephalus christyi
7.64,66.01,8.64,,,,117394.0,Petrocephalus microphthalmus
16.8,212.0,12.6,,,,117394.0,Petrocephalus simus
55.9,205.0,3.67,,,,118717.0,Petrochromis ephippium
48.11428571428571,172.5,3.863571428571429,,15.4,,117467.28571428571,Petrochromis famula
28.569999999999997,144.48636363636362,6.312727272727273,,13.675,,117560.45454545454,Petrochromis orthognathus
255.0,31.28,0.1266,,,,118521.0,Petromyzon marinus
5.8,32.0,5.52,,,,,Petroscirtes mitratus
13.45,18.5,1.37,,16.95,17.85,,Pholis gunnellus
15.0,50.0,3.33,,,,,Photolateralis moretoniensis
1820.857142857143,914.4285714285714,1.0704285714285713,,,,,Phycis blennoides
2.35,52.0,22.15,,,,36657.0,Pimelodus pictus
1.8,18.0,10.0,,5.7,6.5,,Plagiotremus ewaensis
3.5,24.3,7.48,,9.3,10.7,,Plagiotremus tapeinosoma
0.7,8.3,11.9,,4.2,5.0,,Plagiotremus townsendi
900.0,995.0,1.11,,24.5,30.0,,Platax orbicularis
101.0,402.0,3.98,,40.5,42.2,,Platybelone argalus+argalus
62.0,100.0,1.61,,18.7,21.4,,Platycephalus indicus
1.0,5.38,5.38,,,,,Platygillellus rubrocinctus
2030.0,1370.0,0.675,,,,,Platyrhinoidis triseriata
19.3,108.0,5.59,,,,117407.0,Plecodus paradoxus
10.733333333333334,95.03333333333335,8.9,,,,117407.0,Plecodus straeleni
1300.0,1126.0,0.866,,,,,Plectorhinchus gaterinus
1640.0,1230.0,0.75,,,,,Plectorhinchus lineatus
12.2,114.0,9.3,,,,,Plectroglyphidodon dickii
9.2,95.0,10.3,,,,,Plectroglyphidodon johnstonianus
20.25,117.5,5.9399999999999995,,,,104901.0,Plectroglyphidodon lacrymatus
38.8,112.0,2.89,,,,,Plectroglyphidodon leucozonus
480.0,573.0,1.19,,,,,Plectropomus laevis
3978.75,1084.5,0.50425,,,,,Plectropomus leopardus
4600.0,1177.0,0.256,,,,,Plectropomus maculatus
41.75,214.0,6.21,,10.8,12.05,,Plectrypops lima
4.2,26.5,6.31,,5.5,6.6,,Plesiops coeruleolineatus
38.75,195.0,8.0375,,12.4,,,Plotosus lineatus
0.8556328173374614,12.18077399380805,18.707173374613017,,3.2120310559006215,,118122.0,Poecilia mexicana
0.7843,12.981999999999998,16.71333333333333,,3.243333333333333,,118122.0,Poecilia petenensis
0.16666666666666666,4.183333333333333,27.133333333333336,,,,,Poecilia reticulata
0.4669249999999999,16.24,32.055625,,2.708125,,118122.0,Poecilia sulphuraria
0.6106976744186048,2.513116279069768,4.995441860465115,,2.572511627906978,,118161.0,Poecilia vivipara
188.7673913043478,291.0,6.834782608695652,,,,,Pollachius pollachius
5088.5,1834.0,0.9105000000000001,,,,,Pollachius virens
4.0128571428571425,82.92857142857143,21.314285714285717,,,,117394.0,Pollimyrus adspersus
2.07,115.0,55.6,,,,36657.0,Pollimyrus isidori
37.0,183.0,4.95,,,,,Polydactylus multiradiatus
1210.0,1094.0,0.904,,39.0,49.1,,Polydactylus plebeius
45.0,224.0,4.98,,,,,Polydactylus sextarius
72.525,102.0,1.4074999999999998,,,,36657.0,Polypterus palmas
1132.25,602.0,0.61175,,31.0,31.75,58320.5,Pomacanthus imperator
1473.0,687.75,1.52175,,38.13333333333333,,11740.0,Pomacanthus maculosus
88.0,230.0,2.61,,,,104901.0,Pomacanthus paru
2567.0,809.5,0.3305,,36.75,40.5,11740.0,Pomacanthus semicirculatus
6020.0,825.5,0.535,,40.1,24.5,11740.0,Pomacanthus sexstriatus
25.0,114.0,4.56,,8.5,10.2,,Pomacentrus albicaudatus
5.5,58.0,10.5,,5.7,7.5,,Pomacentrus pavo
23.7,154.0,6.5,,,,104901.0,Pomacentrus philippinus
10.5,61.0,6.015000000000001,,5.8,7.55,,Pomacentrus sulfureus
10.333333333333334,60.666666666666664,6.3999999999999995,,5.975,9.0,,Pomacentrus trichrourus
7.05,63.5,9.115,,5.5,6.9,104901.0,Pomacentrus vaiuli
510.0,606.0,1.19,,27.5,32.2,,Pomadasys argenteus
12.0,92.0,7.67,,,,,Pomadasys maculatus
14.5,130.0,8.97,,9.0,10.7,,Pomadasys stridens
1.4133333333333333,10.033333333333333,9.543333333333335,,,6.5,11344.0,Pomatoschistus marmoratus
1.5175,11.975000000000001,9.997499999999999,,,6.5,11344.0,Pomatoschistus microps
5.766666666666667,19.866666666666667,4.698333333333333,,,9.2,11344.0,Pomatoschistus minutus
1.7125,10.3,6.9,,,5.566666666666666,11344.0,Pomatoschistus pictus
1050.0,2070.0,1.97,,,,118717.0,Poroderma pantherinum
31.433333333333334,57.6,1.7833333333333332,,,12.9,,Poromitra crassiceps
6300.0,4510.0,0.716,,,,,Potamotrygon motoro
433.0,666.0,1.6549999999999998,,25.950000000000003,32.7,,Priacanthus hamrur
1.1333333333333335,4.1000000000000005,5.11,,,6.0,11344.0,Priolepis cincta
59073.333333333336,20466.666666666668,0.38766666666666666,,,,82089.33333333333,Prionace glauca
46.53333333333333,64.03333333333333,5.353333333333333,,,23.0,11344.0,Prionobutis microps
14.866666666666667,84.0,5.656666666666667,,8.45,10.75,104901.0,Pristiapogon exostigma
7.15,58.5,14.385000000000002,,8.0,9.8,,Pristiapogon fraenatus
22.8,123.33333333333333,6.176666666666667,,9.299999999999999,11.533333333333333,,Pristiapogon kallopterus
73.0,173.0,2.37,,13.5,16.2,,Pristiapogon taeniopterus
56.0,146.0,2.61,,12.1,15.7,,Pristicon trimaculatus
617.0,665.0,1.08,,24.5,29.9,,Pristigenys niphonia
1080.0,1660.0,1.54,,,,117392.0,Pristiophorus cirratus
310.0,629.0,2.03,,,,,Pristipomoides argyrogrammicus
138.0,626.0,4.54,,18.0,22.1,,Pristipomoides filamentosus
3900.0,1661.0,0.426,,55.7,67.5,,Pristipomoides typus
4.76,16.0,3.98,,,8.5,11344.0,Proterorhinus marmoratus
7.66,224.0,29.2,,,,36657.0,Protopterus annectens
7.366666666666667,21.133333333333333,2.9166666666666665,,,10.0,11344.0,Psammogobius biocellatus
1.85,10.447999999999999,7.0920000000000005,,,7.5,11344.0,Psammogobius knysnaensis
19.8,143.0,7.22,,9.2,12.6,,Pseudanthias bicolor
20.4,102.5,5.415,,10.2,14.2,,Pseudanthias pascalus
9.475,64.0,8.707500000000001,,6.066666666666666,13.0,,Pseudanthias squamipinnis
17.0,88.0,5.18,,8.8,11.0,,Pseudanthias taeniatus
24.7,170.0,6.88,,,,,Pseudanthias thompsoni
1180.0,911.5,2.1605,,37.0,50.0,,Pseudobalistes fuscus
3620.0,9110.0,2.52,,,,,Pseudobatos productus
4895.0,3540.0,0.8085,,,,109344.5,Pseudocarcharias kamoharai
3.0,32.266666666666666,13.546666666666665,,4.8999999999999995,5.966666666666666,,Pseudocheilinus evanidus
3.8,44.0,11.6,,4.7,6.1,,Pseudocheilinus hexataenia
2.6,35.8,13.8,,,,,Pseudocheilinus tetrataenia
8.0,42.0,5.25,,,,,Pseudochromis dixurus
4.0,22.7,6.475,,5.3,,,Pseudochromis dutoiti
1.4,21.0,15.0,,,,,Pseudochromis olivaceus
1.9,20.5,10.8,,,,,Pseudochromis springeri
1.8,21.0,11.7,,4.1,5.0,,Pseudochromis tapeinosoma
2.8,31.1,11.1,,,,,Pseudocoris yamashiroi
5.65,25.75,5.865,,5.949999999999999,6.8,,Pseudogramma polyacantha
9.98923076923077,90.11538461538461,9.495769230769234,,7.7,,117569.30769230769,Pseudosimochromis babaulti
32.60833333333334,173.0,5.470833333333334,,,,117407.0,Pseudosimochromis curvifrons
167.0,464.0,2.78,,,,104901.0,Pseudupeneus maculatus
6.400000000000001,26.933333333333337,4.536666666666666,,,12.5,11344.0,Ptereleotris hanae
8.15,30.2,4.220000000000001,,,12.5,11344.0,Ptereleotris microlepis
158.0,575.0,3.73,,,,,Pterocaesio digramma
195.0,728.0,3.73,,,,,Pterocaesio pisang
140.0,633.3333333333334,4.580000000000001,,20.0,23.166666666666668,,Pterocaesio tile
1.045,11.5,11.3,,,6.0,11344.0,Pterogobius zacalles
315.2857142857143,159.57142857142858,0.647,,,,104901.0,Pterois antennata
38.0,38.0,1.0,,,,104901.0,Pterois volitans
0.48571428571428577,9.257142857142856,19.47142857142857,,3.375,3.875,,Pungitius pungitius
8.48,58.0,6.84,,,,36657.0,Pygocentrus nattereri
302.2,370.0,2.4515000000000002,,16.0,12.3,11740.0,Pygoplites diacanthus
1805.0,3028.0,1.68,,,,118717.0,Raja asterias
5500.0,4534.0,0.824,,,,118717.0,Raja brachyura
6486.5,5516.5,0.8525,,,,118717.0,Raja clavata
1900.0,2222.0,1.17,,,,118717.0,Raja microocellata
4300.0,6089.0,1.42,,,,118717.0,Raja undulata
1450.0,1458.0,1.01,,,,118717.0,Rajella fyllae
165.0,612.0,3.71,,21.0,24.8,,Rastrelliger kanagurta
0.5733333333333334,3.456666666666667,9.063333333333334,,,4.9,11344.0,Redigobius bikolanus
0.538,5.006,10.986,,,4.2,11344.0,Redigobius dewaali
1.74,6.04,3.47,,,5.0,11344.0,Redigobius macrostoma
18.7,84.3,4.51,,,,117407.0,Reganochromis calliurus
50.0,328.0,6.56,,23.4,25.7,,Rexea prometheoides
1.3,14.6,11.2,,,,,Rhabdoblennius snowi
58.54,222.8,6.845999999999999,,11.466666666666667,13.75,,Rhabdosargus sarba
1388115.0,35435.0,0.025500000000000002,,,622.25,117390.0,Rhincodon typus
224.33333333333334,419.6666666666667,1.9566666666666668,,19.0,21.9,104901.0,Rhinecanthus aculeatus
160.5,531.5,3.305,,16.45,18.4,,Rhinecanthus rectangulus
2975.0,2250.0,0.756,,,,118717.0,Rhinochimaera pacifica
2.925,11.5,5.18,,,7.0,11344.0,Rhinogobius flumineus
11.65,15.35,1.32,,,10.0,11344.0,Rhinogobius giurinus
3375.0,13225.0,3.92,,,,118717.0,Rhizoprionodon acutus
3750.0,7180.0,1.92,,,,27579.0,Rhizoprionodon porosus
202.0,650.0,3.22,,,,117297.0,Rhomboplites aurorubens
117.35,129.35,1.3825,,,18.45,11344.0,Rhyacichthys aspro
1100.0,1660.0,1.51,,,,,Rostroraja eglanteria
9.45,56.5,6.0,,8.0,9.7,104901.0,Salarias fasciatus
3981.0,1048.8,0.5056,,,,117297.0,Salmo salar
292.0,570.0,1.95,,,,117297.0,Salmo trutta
445.0,578.3333333333334,1.5753333333333333,,,,117297.0,Salvelinus fontinalis
2870.0,1278.0,0.4505,,,,117297.0,Salvelinus namaycush
160.0,354.0,2.21,,22.0,26.0,,Sardina pilchardus
52.3,195.0,3.73,,,,118717.0,Sardinops sagax
111.15,363.5,8.605,,,,,Sargocentron caudimaculatum
36.075,215.25,7.004999999999999,,10.866666666666667,11.05,104901.0,Sargocentron diadema
52.6,322.5,6.255,,13.7,16.5,104901.0,Sargocentron microstoma
63.015,299.75,4.96,,,,104901.0,Sargocentron punctatissimum
60.0,287.0,4.78,,,,,Sargocentron rubrum
507.5,653.1666666666666,2.406333333333334,,,,104901.0,Sargocentron spiniferum
191.66666666666666,520.3333333333334,2.74,,20.6,25.25,104901.0,Sargocentron tiere
34.1,252.0,7.39,,,,,Sargocentron xantherythrum
42.3,67.0,3.985,,6.8,7.7,,Saurida gracilis
48.7,71.0,1.46,,16.5,19.5,,Saurida undosquamis
510.0,246.5,0.483,,,,,Scaphirhynchus platorynchus
8.866666666666667,36.28333333333333,6.09,,,14.25,11344.0,Scartelaos histophorus
208.95,372.75,2.3225000000000002,,17.833333333333332,20.066666666666666,,Scarus dubius
962.5,675.5,0.7364999999999999,,31.75,37.0,,Scarus ferrugineus
395.0,455.0,1.15,,,,,Scarus frenatus
2095.0,846.0,0.404,,,,,Scarus ghobban
685.0,738.5,1.08,,27.5,34.2,,Scarus globiceps
337.5,518.5,1.5750000000000002,,20.9,25.35,,Scarus niger
208.5,347.5,1.695,,18.0,20.8,,Scarus oviceps
1060.0,686.0,0.647,,,,,Scarus prasiognathos
513.6666666666666,570.6666666666666,1.1613333333333333,,26.75,32.1,,Scarus psittacus
220.0,368.0,1.67,,,,,Scarus rivulatus
1097.0,837.5,0.79,,37.0,47.0,104901.0,Scarus rubroviolaceus
44.65,142.0,3.21,,10.0,12.5,65872.0,Scarus taeniopterus
137.0,241.66666666666666,3.3400000000000003,,10.2,11.95,,Scatophagus argus
1455.0,348.0,0.275,,47.0,55.0,,Schedophilus medusophagus
12.4,283.0,23.25,,,,25180.5,Scleropages formosus
13.960000000000003,228.4,18.259999999999998,,10.5,12.3,21355.0,Scleropages jardinii
125.0,457.0,3.66,,15.5,19.0,,Scolopsis bilineata
47.0,251.0,5.34,,12.0,14.6,,Scolopsis ciliata
78.2,325.0,4.16,,14.5,,,Scolopsis frenata
29.5,156.0,5.29,,9.5,11.5,,Scolopsis vosmeri
318.34615384615387,733.6153846153846,2.7038461538461536,,28.307692307692307,28.54545454545455,,Scomber scombrus
364.0,842.0,4.1450000000000005,,31.5,36.75,,Scomberoides tol
3500.0,1542.0,0.441,,,,,Scomberomorus commerson
1111.0,1125.0,0.9735,,,,117297.0,Scomberomorus maculatus
2430.0,2180.0,0.897,,,,117297.0,Scomberomorus regalis
190.0,132.0,0.695,,,,104901.0,Scorpaena plumieri
117.83333333333333,109.95238095238095,1.171761904761905,,13.157894736842104,18.355555555555554,,Scorpaena porcus
293.75,138.75,0.601,,19.650000000000002,24.525,,Scorpaena scrofa
11.5,44.0,3.83,,7.1,8.6,,Scorpaenodes guamensis
0.9,7.1,7.89,,,,,Scorpaenodes kelloggi
23.0,50.5,2.785,,8.0,9.5,,Scorpaenodes parvipinnis
278.5,142.0,0.509,,18.45,21.9,,Scorpaenopsis diabolus
340.0,709.0,2.09,,,,,Scorpis aequipinnis
285.0,690.0,1.21,,,,27579.0,Scyliorhinus canicula
3250.0,2850.0,0.877,,,,118717.0,Scyliorhinus stellaris
2590.0,5023.0,1.94,,,,118717.0,Scymnodon ringens
9.4,47.5,5.205,,,,,Sebastapistes cyanostigma
0.0,0.0,0.0,,,,,Sebastes alutus
1750.0,1062.0,0.607,,,,,Sebastes mentella
845.6666666666666,437.73333333333335,1.7082666666666668,,27.4,31.4,,Sebastes norvegicus
395.0,447.0,1.291,,,,,Sebastes viviparus
187.0,816.0,4.286666666666666,,23.099999999999998,25.666666666666668,,Selar crumenophthalmus
134.0,452.75,6.7299999999999995,,,,,Selaroides leptolepis
200.0,349.0,1.75,,19.5,22.0,,Selenotoca multifasciata
5200.0,3475.5,0.7025,,68.0,79.0,,Seriola rivoliana
5600.0,2554.0,0.456,,63.0,77.5,,Seriolina nigrofasciata
21.162499999999998,119.75,6.199375,,10.415384615384616,12.16153846153846,,Serranus cabrilla
21.25,130.0,6.235,,10.75,12.25,,Serranus hepatus
29.5,115.0,3.9,,11.6,13.7,,Serranus scriba
103.5,29.8,0.303,,,,,Serrivomer beanii
7.9,12.25,2.17,,,10.5,11344.0,Sicydium brevifile
26.1,31.1,1.19,,,12.5,11344.0,Sicydium salvini
3.216666666666667,9.4,7.316666666666666,,,8.45,11344.0,Sicyopterus lagocephalus
4.9399999999999995,18.419999999999998,3.814,,,7.2,11344.0,Sicyopterus pugnans
311.0,463.0,1.5566666666666666,,25.5,30.25,104901.0,Siganus argenteus
210.0,347.0,1.65,,19.5,24.5,,Siganus canaliculatus
110.0,437.0,3.97,,16.0,20.8,,Siganus doliatus
391.0,435.0,1.11,,,,,Siganus luridus
75.0,334.0,4.45,,14.5,19.0,,Siganus puellus
169.0,372.0,2.2,,17.0,21.0,,Siganus punctatus
78.4,182.5,4.035,,9.2,10.8,,Siganus rivulatus
41.8,223.0,5.380000000000001,,12.4,14.7,104901.0,Siganus spinus
154.0,377.0,2.45,,17.5,21.2,,Siganus vulpinus
30.5,16.0,0.525,,,,,Sigmops bathyphilus
35.6,35.25,1.2825,,,,,Sigmops elongatus
1.23,9.09,7.39,,,5.0,11344.0,Silhouettea aegyptia
60.0,256.0,4.27,,17.0,19.9,,Sillago maculata
91.0,244.0,2.68,,,,,Simenchelys parasitica
29.43846153846154,183.84615384615384,6.516153846153846,,,,117407.0,Simochromis diagramma
280000.0,10290.0,0.037,,,,27579.0,Somniosus microcephalus
237.0,432.0,1.82,,,,104901.0,Sparisoma aurofrenatum
621.0,544.0,0.876,,,,104901.0,Sparisoma viride
2.7900000000000005,38.5125,14.175,,5.95,,117829.0,Spathodus erythrodon
4.448333333333334,44.974999999999994,10.515833333333333,,6.716666666666666,,117829.0,Spathodus marlieri
6181.2,4391.0,0.731,,72.0,80.5,117297.0,Sphyraena barracuda
11.6,105.0,9.1,,,,,Sphyraena chrysotaenia
735.0,1147.5,1.895,,54.0,62.5,,Sphyraena forsteri
373.5,769.5,2.0599999999999996,,39.5,43.0,,Sphyraena jello
37.7,187.0,4.96,,17.3,20.0,,Sphyraena obtusata
40355.0,53455.0,1.48,,,,72485.5,Sphyrna lewini
148500.0,99140.0,0.668,,,,117388.0,Sphyrna mokarran
63500.0,63630.0,1.0,,,,117392.0,Sphyrna zygaena
72.97692307692309,266.61538461538464,5.160769230769232,,14.015384615384617,16.284615384615385,,Spicara maena
1.435294117647059,20.529411764705884,15.49705882352941,,8.019354838709674,8.793548387096775,,Spinachia spinachia
1499.0,1204.0,0.803,,38.5,42.4,,Spondyliosoma cantharus
1.5,13.333333333333334,9.206666666666667,,5.033333333333333,5.633333333333333,,Spratelloides delicatulus
15.5,98.0,6.25,,12.55,16.5,,Sprattus sprattus
60.0,440.0,7.33,,,,27579.0,Squaliolus laticaudus
2590.0,3115.0,1.6655000000000002,,,,72485.5,Squalus acanthias
3980.0,4960.0,1.25,,,,118717.0,Squalus griffini
420.0,2240.0,5.33,,,,117392.0,Squalus megalops
1115.0,3270.0,2.93,,,,118717.0,Squalus melanurus
6000.0,2060.0,0.343,,,,27579.0,Squatina squatina
5.65,78.0,13.8,,,,36657.0,Steatogenys duidae
12.0,93.0,7.78,,,,36657.0,Steatogenys elegans
32.3,163.0,5.0,,,,26843.0,Stegastes fuscus
21.7,107.5,5.395,,,,104901.0,Stegastes nigricans
3.5333333333333337,23.73333333333333,7.693333333333334,,,8.5,,Stenobrachius leucopsarus
17.966666666666665,20.583333333333332,1.7770000000000001,,,16.5,11344.0,Stenogobius genivittatus
12.2,131.0,10.8,,,,36657.0,Sternarchella orthos
32.8,258.0,7.87,,,,36657.0,Sternarchella sima
22.1,208.0,9.4,,,,36657.0,Sternarchorhamphus muelleri
13.0,179.0,13.8,,,,36657.0,Sternarchorhynchus curvirostris
0.8,16.3,20.4,,,,,Stethojulis balteata
26.0,154.0,5.92,,10.5,12.0,,Stethojulis bandanensis
6.25,47.85,7.68,,7.0,8.2,,Stethojulis interrupta
6.55,46.35,12.125,,6.5,5.3,,Stethojulis strigiventer
0.9772727272727273,6.318181818181818,8.284545454545455,,,5.1,11344.0,Stiphodon elegans
9.166666666666666,49.333333333333336,5.743333333333332,,8.0,9.5,,Stolephorus commersonnii
1.9633333333333332,48.13333333333333,24.566666666666663,,,,117394.0,Stomatorhinus ivindoensis
31.25,16.35,0.6152500000000001,,,,,Stomias boa+ferox
41.75,110.5,4.29,,34.0,37.0,,Strongylura strongylura
2.9,35.0,12.1,,6.0,7.1,,Suezichthys gracilis
177.0,377.0,2.13,,,,,Sufflamen albicaudatum
85.55,356.0,4.33,,15.0,17.2,104901.0,Sufflamen bursa
287.75,321.75,2.69125,,13.65,15.649999999999999,104901.0,Sufflamen chrysopterum
410.0,717.5,1.76,,22.6,25.5,,Sufflamen fraenatum
17.225,30.6,1.9574999999999998,,,11.65,11344.0,Sufflogobius bibarbatus
33.0,168.0,4.98,,11.3,12.8,,Symphodus bailloni
22.88181818181818,112.54545454545455,5.094545454545455,,9.333333333333334,11.11111111111111,,Symphodus mediterraneus
27.24749999999999,114.64000000000001,7.0845,,9.541666666666668,11.227777777777781,,Symphodus melops
25.5,151.0,5.92,,9.7,11.4,,Symphodus ocellatus
12.0,115.0,9.6,,,,,Symphodus rostratus
77.24285714285715,234.28571428571428,5.061428571428571,,15.7,18.580000000000002,,Symphodus tinca
1100.0,870.0,0.79,,,,,Synanceia verrucosa
19.416666666666668,57.1,5.978333333333333,,37.0,29.6,,Synaphobranchus kaupii
5.247,23.1,4.470000000000001,,,,118717.0,Syngnathoides biaculeatus
0.329,3.2399999999999998,10.186,,,,118717.0,Syngnathus abaster
11.169999999999998,20.07,2.3810000000000002,,24.744444444444444,25.533333333333335,,Syngnathus acus
3.390666666666666,8.643333333333333,2.6093333333333337,,,,118717.0,Syngnathus schlegeli
7.2700000000000005,14.37,2.697,,,24.45,,Syngnathus typhle
3.9,34.0,8.72,,7.2,8.5,,Synodus binotatus
291.0,230.0,0.79,,27.5,31.0,,Synodus dermatogenys
245.0,224.0,0.914,,,,,Synodus indicus
45.0,111.0,2.47,,15.2,17.2,,Synodus saurus
69.65,129.75,2.4625,,17.133333333333333,19.133333333333336,104901.0,Synodus variegatus
5.7,49.0,8.825,,5.6,7.35,,Taeniamia fucata
5.5,29.0,5.27,,,,,Taenianotus triacanthus
42.13333333333333,21.46666666666667,1.9673333333333334,,,30.0,11344.0,Taenioides cirratus
0.49,2.216666666666667,5.266666666666667,,,6.5,11344.0,Taenioides limicola
336.5,5017.0,14.850000000000001,,,,118717.0,Taeniura lymma
2.1950000000000003,40.6875,19.0875,,5.375,,117829.0,Tanganicodus irsacae
0.8999999999999999,7.575,9.370000000000001,,,,,Tarletonbeania crenularis
16.126027397260273,61.821917808219176,6.488356164383562,,,,,Taurulus bubalis
5.0,37.0,7.4,,,,,Teixeirichthys jordani
5.463749999999998,40.591666666666676,8.042083333333336,,5.481,,117730.75,Telmatochromis temporalis
295.0,435.0,1.48,,24.0,28.0,,Terapon jarbua
12.5,122.0,9.75,,8.899999999999999,10.7,,Terapon puta
2.53,9.2,3.64,,,,118521.0,Tetrapleurodon geminis
21840.0,2500.0,0.114,,,,101297.0,Tetrapturus angustirostris
110.0,187.0,1.7,,,,,Tetrosomus gibbosus
26.2,171.0,6.53,,11.5,14.0,,Thalassoma amblycephalum
15.2,102.0,6.7,,,,26843.0,Thalassoma bifasciatum
112.33333333333333,310.6666666666667,3.573333333333333,,16.233333333333334,20.633333333333333,,Thalassoma duperrey
19.1,160.0,8.38,,8.9,,,Thalassoma hebraicum
77.0,265.0,3.44,,14.2,19.0,,Thalassoma jansenii
21.5,119.7,6.973333333333334,,8.25,9.5,,Thalassoma lunare
40.7,176.2,9.225999999999999,,11.4,14.6,,Thalassoma lutescens
17.6,136.9,10.09,,9.05,10.2,,Thalassoma quinquevittatum
44.0,197.0,4.48,,,,,Thalassoma rueppellii
10.0,77.0,7.7,,9.1,11.1,,Thryssa kammalensis
18.0,65.0,3.61,,10.9,13.0,,Thryssa polybranchialis
7173.333333333333,3971.0,0.8855,,67.58333333333333,78.5,,Thunnus albacares
5210.0,3090.0,0.593,,,,117297.0,Thunnus thynnus
710.0,735.0,1.04,,62.5,69.8,,Thyrsitoides marleyi
1239.3846153846155,1187.1153846153845,1.9489615384615382,,,,118717.0,Torpedo marmorata
345.0,780.0,2.26,,,,117297.0,Torpedo torpedo
48.0,153.0,3.19,,,,,Torquigener flavimaculosus
93.0,115.0,1.29,,18.1,20.75,,Trachinocephalus myops
8504.0,3080.0,0.362,,,,117297.0,Trachinotus ovatus
173.9,220.6,1.5106,,25.22,29.639999999999997,,Trachinus draco
22.0,130.0,5.91,,,,,Trachurus novaezelandiae
292.4,798.2,3.316,,19.025,21.45,,Trachurus trachurus
4.02,4.466666666666667,1.6936666666666664,,,,118717.0,Trachyrhamphus serratus
304.9166666666667,320.5,2.4576666666666664,,,,,Trachyrincus scabrus
2087.1428571428573,226.0,0.13014285714285714,,,,,Trachyscorpia cristulata+echinata
117.0,266.0,2.28,,,,,Tragulichthys jaculiferus
9.4,37.5,4.05,,,,117407.0,Trematocara macrostoma
3.6,34.0,9.4,,,,118717.0,Trematocara stigmaticum
20.21,61.980000000000004,3.3260000000000005,,,,117407.0,Trematocara unimaculatum
164.0,295.3333333333333,1.9866666666666664,,18.5,22.0,,Triacanthus biaculeatus
16300.0,15360.0,0.942,,,,117392.0,Triaenodon obesus
170.0,261.5,1.595,,57.3,,,Trichiurus lepturus
9.0,21.580000000000002,2.5900000000000003,,,7.7,11344.0,Tridentiger obscurus
3.3000000000000003,11.271428571428572,12.620000000000001,,,6.65,11344.0,Tridentiger trigonocephalus
320.0,354.0,1.11,,30.0,35.0,,Trigla lyra
5.975384615384616,45.33846153846154,7.859230769230769,,7.749999999999999,,117796.53846153847,Triglachromis otostigma
40.0,158.66666666666666,4.78,,14.066666666666668,15.833333333333334,,Triglops murrayi
0.195,1.97,10.1,,,2.5,11344.0,Trimma avidori
1.02,5.6,5.49,,,4.0,11344.0,Trimma mendelssohni
0.23333333333333336,2.683333333333333,13.366666666666667,,,2.7,11344.0,Trimma okinawae
0.21250000000000002,3.075,14.45,,,2.5,11344.0,Trimma striatum
41.5,228.25,7.1975,,,,,Trisopterus esmarkii
169.11153846153846,348.34615384615387,5.107692307692308,,,,,Trisopterus luscus
71.825,301.75,4.869999999999999,,,,,Trisopterus minutus
14.962499999999999,133.875,9.03125,,9.3,,117829.0,Tropheus brichardi
16.54695652173913,108.51304347826088,7.663043478260871,,7.85,,117553.78260869565,Tropheus moorii
1100.0,3564.0,3.24,,,,118717.0,Trygonoptera testacea
24.25,15.1,0.8418333333333333,,,16.880000000000003,11344.0,Trypauchen vagina
1.4133333333333333,3.1733333333333333,2.3233333333333333,,,6.5,11344.0,Trypauchenichthys sumatrensis
12.114285714285714,113.72142857142856,9.785714285714288,,,,117407.0,Tylochromis polylepis
1305.5,561.5,1.2570000000000001,,81.0,92.0,,Tylosurus crocodilus
4.11,19.75,5.1674999999999995,,6.15,,36657.0,Umbra krameri
29.0,183.0,6.31,,,,,Upeneus asymmetricus
18.0,102.0,5.67,,,,,Upeneus sulphureus
213.0,520.0,2.44,,23.0,26.0,,Upeneus taeniopterus
43.699999999999996,203.0,4.726666666666667,,12.85,15.65,,Upeneus tragula
104.0,514.0,4.94,,17.4,20.5,,Upeneus vittatus
706.0,2450.0,3.47,,,,118717.0,Urolophus cruciatus
19.066666666666666,39.0,3.116666666666667,,,11.466666666666667,11344.0,Valenciennea puellaris
10.642857142857142,25.942857142857143,6.39,,,11.15,11344.0,Valenciennea sexguttata
7.6,50.0,6.58,,,,104901.0,Valenciennea strigata
7.877777777777778,75.01111111111112,9.850000000000001,,,,117407.0,Variabilichromis moorii
297.0,454.3333333333333,1.6166666666666665,,28.9,29.35,,Variola louti
0.19,1.5699999999999998,8.3,,,2.5,11344.0,Xenisthmus polyzonatus
27.933333333333334,64.4,2.3666666666666667,,15.583333333333334,17.16,,Xenodermichthys copei
4.847333333333333,70.54400000000001,17.952,,,,117394.0,Xenomystus nigri
15.2,124.0,8.14,,,,117407.0,Xenotilapia boulengeri
4.74,45.55,11.78111111111111,,5.999999999999999,,117594.55555555556,Xenotilapia flavipinnis
18.90086956521739,95.78260869565217,5.620869565217391,,14.75,,117553.78260869565,Xenotilapia melanogenys
7.3109090909090915,64.68181818181819,8.882727272727273,,9.25,,117867.36363636363,Xenotilapia ochrogenys
3.933333333333333,42.333333333333336,10.883333333333335,,7.300000000000001,,118251.0,Xenotilapia ornatipinnis
6.18923076923077,58.376923076923084,9.580769230769231,,8.233333333333334,,117796.53846153847,Xenotilapia spiloptera
8800.0,1930.0,0.219,,,,101297.0,Xiphias gladius
169.5,222.0,1.32,,,,,Zanclorhynchus spinifer
161.2,550.2,3.628,,14.866666666666665,17.400000000000002,104901.0,Zanclus cornutus
79.25,264.75,3.9724999999999997,,12.575000000000001,14.75,,Zebrasoma flavescens
57.849999999999994,248.0,4.845,,11.5,14.0,,Zebrasoma scopas
448.75,539.25,1.57425,,20.924999999999997,26.0,,Zebrasoma velifer
75.0,174.0,2.32,,,,,Zebrasoma xanthurum
1217.0,430.0,0.5755999999999999,,31.660000000000004,38.160000000000004,,Zeus faber
